,action1,action2,action3
0,25.5,24.5,25.5
1,24.5,24.5,25.5
2,25.5,24.5,26.0
3,25.5,26.5,25.5
4,25.5,24.0,24.5
5,26.0,24.0,24.5
6,25.5,25.5,25.5
7,26.5,24.5,25.5
8,24.0,24.0,26.0
9,24.5,25.0,24.5
10,24.0,25.0,26.0
11,24.5,26.5,24.0
12,26.0,24.5,26.0
13,25.0,26.5,24.0
14,24.0,26.5,24.5
15,24.5,24.5,25.0
16,24.0,25.0,24.0
17,24.5,24.0,25.0
18,24.0,25.0,24.5
19,24.0,24.5,26.5
20,24.0,26.5,25.0
21,24.5,26.0,24.0
22,25.5,25.5,26.0
23,26.5,24.5,26.5
24,26.5,24.0,25.5
25,25.0,25.5,26.0
26,26.5,26.0,25.0
27,26.0,26.0,24.0
28,26.5,26.5,24.0
29,24.5,25.0,24.0
30,25.5,25.5,25.0
31,25.0,25.5,26.0
32,26.0,24.0,24.5
33,26.0,26.0,25.0
34,25.0,25.0,26.5
35,24.5,24.0,24.0
36,24.5,24.0,25.0
37,25.5,26.0,24.0
38,26.5,25.0,24.0
39,25.0,25.5,25.0
40,24.5,24.5,26.0
41,25.0,26.5,24.0
42,24.0,24.0,26.5
43,25.0,25.5,24.0
44,25.5,25.0,24.5
45,25.0,25.5,26.0
46,24.5,25.5,26.0
47,26.0,25.0,26.0
48,24.5,24.0,26.0
49,25.0,24.5,24.0
50,24.0,25.5,25.0
51,26.5,24.0,26.5
52,25.0,25.0,26.0
53,25.0,24.5,26.0
54,25.5,26.0,25.5
55,25.5,24.0,25.5
56,24.5,24.0,26.5
57,24.5,26.0,26.5
58,24.5,25.5,24.5
59,25.0,24.5,26.5
60,24.5,25.5,24.0
61,24.5,26.5,25.5
62,24.5,25.5,25.5
63,24.0,25.0,25.0
64,24.5,24.5,26.0
65,26.0,26.5,26.0
66,25.0,25.5,25.5
67,26.5,24.0,26.5
68,25.0,26.0,26.0
69,24.0,25.5,25.0
70,24.0,25.5,24.0
71,26.0,24.5,26.0
72,26.0,25.5,25.0
73,26.0,25.5,25.0
74,26.0,25.0,24.0
75,26.5,26.0,24.0
76,26.5,26.5,26.0
77,26.0,25.5,26.0
78,26.0,25.5,25.0
79,26.5,26.0,26.5
80,26.5,25.0,24.5
81,25.0,26.5,25.0
82,24.0,24.0,25.5
83,25.0,25.5,24.5
84,24.5,26.5,26.0
85,26.0,26.0,25.5
86,25.5,25.5,26.0
87,25.5,26.0,26.0
88,24.0,25.0,25.0
89,25.0,24.5,24.5
90,24.0,25.0,24.0
91,26.0,24.5,24.5
92,24.5,26.5,26.0
93,25.0,26.0,25.5
94,24.5,25.0,24.5
95,26.5,25.5,24.5
96,26.5,24.5,25.5
97,25.0,25.0,26.5
98,24.5,25.5,26.0
99,25.0,25.5,25.0
100,25.5,25.5,26.0
101,24.5,24.0,24.5
102,25.0,26.5,26.5
103,24.0,24.5,26.0
104,25.5,26.5,25.0
105,26.5,26.0,26.0
106,24.5,26.5,24.0
107,25.5,24.0,25.5
108,26.0,25.0,24.5
109,25.0,25.5,25.0
110,26.0,26.5,26.5
111,24.0,26.5,26.5
112,25.5,25.0,24.0
113,26.5,24.5,25.0
114,26.0,24.5,24.0
115,26.5,26.0,24.5
116,24.0,26.0,25.0
117,26.5,26.0,26.0
118,24.5,26.0,26.5
119,26.5,26.0,25.0
120,26.0,26.5,26.5
121,25.5,26.5,24.0
122,25.5,24.0,26.0
123,26.5,26.5,26.0
124,25.5,25.0,26.5
125,26.5,25.5,25.5
126,25.0,26.0,26.5
127,26.5,25.5,25.0
128,25.5,24.0,26.0
129,24.5,24.5,24.5
130,24.5,26.5,24.0
131,26.5,25.5,24.0
132,25.0,25.5,24.0
133,25.5,24.5,26.5
134,26.5,24.0,25.5
135,25.0,25.0,25.0
136,26.5,24.0,25.0
137,26.0,24.0,25.0
138,25.5,26.5,25.0
139,24.5,26.0,24.0
140,25.5,24.5,24.5
141,25.5,26.0,24.0
142,24.0,25.5,26.0
143,25.0,25.5,26.5
144,26.0,25.0,25.5
145,24.5,24.5,24.5
146,25.5,24.0,25.5
147,26.5,26.0,24.0
148,26.5,24.0,26.5
149,24.0,26.5,24.5
150,25.5,25.0,25.5
151,25.5,25.0,26.0
152,25.0,24.0,26.0
153,26.5,25.5,24.5
154,26.0,26.5,25.0
155,25.5,25.5,25.0
156,26.5,24.0,25.0
157,25.0,25.5,25.5
158,25.5,24.5,26.5
159,26.0,25.0,25.0
160,25.5,24.0,24.5
161,24.5,25.5,24.5
162,26.5,25.5,25.5
163,24.0,24.5,26.5
164,25.5,26.5,24.5
165,25.0,25.0,24.0
166,25.5,24.5,26.0
167,26.5,26.0,26.0
168,24.5,26.5,25.0
169,26.0,24.0,25.5
170,26.5,25.5,26.5
171,26.5,25.5,26.5
172,25.0,24.0,26.0
173,26.5,26.0,26.5
174,25.5,25.5,26.5
175,24.5,24.0,26.5
176,26.0,25.5,24.0
177,24.0,24.0,24.0
178,25.5,25.0,26.5
179,25.0,24.5,26.5
180,24.5,25.0,25.5
181,25.0,25.0,24.0
182,24.5,26.5,26.0
183,26.0,25.0,25.5
184,25.0,26.0,24.5
185,24.0,26.5,26.5
186,24.5,25.0,25.0
187,25.5,26.0,26.5
188,26.5,25.5,25.5
189,25.0,26.0,25.5
190,25.0,26.0,26.0
191,26.0,24.0,25.5
192,26.0,24.5,25.5
193,26.5,26.0,24.5
194,25.0,26.5,26.5
195,25.0,26.0,26.0
196,26.0,24.5,24.0
197,25.5,25.0,25.5
198,24.5,26.0,26.5
199,24.0,25.0,24.0
200,24.0,24.0,24.0
201,24.5,26.5,24.5
202,24.5,26.0,25.0
203,26.0,26.0,26.5
204,26.0,25.5,24.5
205,25.5,26.0,25.0
206,24.0,25.5,25.5
207,26.0,26.0,26.5
208,26.5,25.5,24.5
209,26.0,24.0,26.5
210,24.5,24.0,25.5
211,26.5,24.0,24.0
212,24.5,26.0,26.5
213,25.5,25.0,26.0
214,26.5,24.5,25.0
215,25.0,26.0,25.0
216,26.5,24.0,24.5
217,25.0,26.0,25.5
218,25.0,26.5,24.0
219,24.0,26.5,26.5
220,24.0,24.5,24.0
221,24.5,24.0,25.0
222,26.5,25.0,26.0
223,24.0,26.5,24.5
224,26.0,25.5,26.5
225,25.5,24.5,26.5
226,26.0,25.0,24.5
227,25.5,24.0,25.0
228,24.5,26.0,24.5
229,24.0,24.0,24.5
230,24.0,26.0,25.5
231,24.0,26.0,25.5
232,24.0,24.0,25.0
233,26.0,25.5,26.0
234,25.0,26.5,24.5
235,25.0,24.0,24.0
236,26.5,24.0,24.5
237,26.5,26.5,24.5
238,25.5,26.0,24.0
239,26.5,24.5,26.0
240,25.5,26.5,26.5
241,26.5,25.5,25.5
242,26.5,24.5,24.5
243,25.0,26.5,25.0
244,26.0,25.0,25.0
245,25.5,25.5,25.0
246,25.5,26.0,24.5
247,25.5,25.0,26.5
248,26.5,26.5,25.0
249,25.5,25.5,26.0
250,25.0,25.5,25.0
251,24.0,26.5,25.0
252,25.5,25.0,25.0
253,25.5,26.0,26.0
254,26.5,24.5,24.5
255,26.0,25.0,24.5
256,26.0,26.5,25.0
257,24.5,24.0,25.5
258,25.0,24.0,24.5
259,25.0,25.5,26.5
260,25.5,26.5,25.5
261,25.5,25.5,25.5
262,26.0,25.0,24.5
263,25.0,26.5,24.0
264,25.5,26.5,25.5
265,24.5,24.0,26.0
266,26.5,26.0,24.0
267,24.0,26.0,25.5
268,25.5,24.0,25.5
269,26.5,26.0,25.0
270,26.5,25.5,25.0
271,25.5,25.0,25.5
272,26.0,26.0,26.0
273,24.0,26.0,25.5
274,26.0,24.5,25.5
275,25.0,24.5,26.5
276,26.5,26.5,26.5
277,26.0,25.0,25.0
278,24.5,24.5,24.5
279,24.0,26.0,24.5
280,25.0,24.0,25.5
281,25.5,26.5,24.0
282,25.5,24.0,24.5
283,25.5,26.5,24.5
284,25.5,25.0,25.0
285,26.5,25.5,25.5
286,24.5,24.0,26.5
287,26.5,25.0,25.5
288,26.5,25.5,24.5
289,26.0,25.0,26.0
290,25.0,24.5,26.0
291,24.0,25.0,24.5
292,24.0,24.0,24.5
293,25.5,25.5,26.5
294,24.0,24.5,25.0
295,26.5,25.0,26.0
296,26.5,26.0,25.5
297,24.5,26.0,24.0
298,25.0,24.5,25.5
299,24.0,24.5,24.5
300,24.5,26.0,26.0
301,26.5,26.0,25.0
302,26.5,25.0,26.0
303,24.0,25.5,24.5
304,25.5,26.5,25.0
305,26.5,26.5,25.0
306,24.5,25.5,25.5
307,24.0,26.0,24.5
308,26.0,25.5,26.0
309,24.0,24.0,25.0
310,25.5,24.5,25.0
311,24.5,24.5,25.5
312,24.0,24.5,25.5
313,26.5,25.0,25.5
314,25.5,26.0,26.5
315,25.5,26.0,25.5
316,25.5,26.5,25.5
317,26.0,24.5,25.0
318,24.0,25.5,26.0
319,25.0,25.0,25.0
320,26.0,25.5,25.0
321,24.5,25.5,24.5
322,26.5,24.5,24.5
323,26.0,25.5,25.5
324,26.0,26.0,26.0
325,25.5,26.5,24.5
326,24.0,24.0,24.0
327,26.5,24.0,24.0
328,25.0,24.5,25.5
329,24.5,24.0,26.0
330,26.5,25.5,24.5
331,26.5,24.5,26.0
332,25.5,26.5,24.5
333,26.5,26.0,26.5
334,26.0,26.5,25.0
335,25.0,25.5,24.5
336,26.5,25.0,25.5
337,26.0,26.5,24.5
338,25.5,26.0,24.0
339,26.5,24.0,25.0
340,26.5,24.5,24.0
341,24.0,25.0,24.0
342,24.5,24.0,26.0
343,26.5,24.5,26.0
344,26.5,26.0,24.0
345,26.0,24.5,24.0
346,26.5,26.0,25.0
347,26.0,24.0,25.5
348,25.0,24.0,24.5
349,25.5,24.5,25.0
350,25.0,26.0,25.5
351,25.5,26.5,26.0
352,25.0,26.5,26.5
353,24.5,26.5,25.0
354,26.5,26.0,24.0
355,24.0,25.5,24.0
356,25.0,24.0,25.0
357,26.0,25.0,24.5
358,26.5,25.5,26.0
359,26.0,25.0,25.0
360,26.0,25.5,24.5
361,26.5,26.0,26.5
362,24.5,24.5,25.5
363,24.0,24.5,26.5
364,24.0,26.0,26.5
365,25.0,25.5,24.5
366,26.5,24.0,24.0
367,25.0,24.5,26.5
368,26.5,26.0,25.5
369,26.5,24.5,26.0
370,26.5,25.0,24.5
371,26.0,24.5,25.5
372,25.5,24.0,24.0
373,25.0,25.0,25.0
374,26.5,24.0,25.0
375,24.5,26.0,25.5
376,24.5,26.5,26.5
377,24.5,25.5,26.0
378,26.5,26.5,24.5
379,26.5,26.5,26.5
380,24.0,26.5,26.0
381,26.0,26.0,24.5
382,25.0,24.5,26.5
383,25.0,26.5,24.5
384,24.5,26.0,25.5
385,25.5,25.5,25.5
386,24.0,26.0,24.5
387,25.5,24.0,26.0
388,24.5,26.5,24.5
389,26.0,25.5,24.5
390,26.5,24.0,25.5
391,24.5,26.0,26.0
392,25.0,26.0,24.5
393,25.5,25.0,26.5
394,24.0,25.5,24.5
395,25.5,24.0,26.0
396,24.0,25.5,25.5
397,26.5,26.5,26.5
398,26.5,25.5,25.0
399,25.0,26.5,26.0
400,24.5,26.5,26.0
401,24.5,26.5,24.5
402,25.0,25.5,25.5
403,26.0,26.0,25.0
404,24.5,25.5,26.5
405,25.0,25.0,26.5
406,25.5,25.5,26.0
407,26.0,25.5,24.0
408,24.5,26.0,25.0
409,25.0,25.5,25.5
410,24.5,26.5,26.5
411,24.0,26.0,24.5
412,24.5,24.0,24.5
413,24.0,26.0,26.0
414,24.5,25.5,26.0
415,26.0,24.5,25.5
416,26.0,26.0,26.0
417,25.0,26.0,25.0
418,26.0,24.5,26.5
419,26.5,26.5,25.5
420,25.5,24.5,24.0
421,24.5,24.5,25.0
422,25.0,24.5,24.0
423,26.5,26.5,25.0
424,24.0,24.5,25.0
425,24.5,26.5,25.5
426,25.0,26.0,25.0
427,26.0,24.0,24.5
428,25.5,26.5,24.5
429,24.5,25.5,24.5
430,24.5,26.0,26.5
431,25.0,25.5,25.0
432,25.0,25.5,26.5
433,25.0,24.5,24.5
434,24.5,24.5,25.5
435,25.0,24.0,24.0
436,24.0,25.0,24.5
437,26.0,24.5,25.5
438,25.5,25.5,25.0
439,24.0,26.5,25.0
440,25.5,25.0,24.5
441,26.0,26.0,25.0
442,26.5,24.0,25.0
443,26.0,25.0,24.5
444,26.5,26.5,25.0
445,24.0,24.0,25.0
446,26.0,24.0,24.0
447,25.0,25.0,25.0
448,25.0,24.5,24.0
449,26.5,26.5,24.5
450,26.5,26.5,26.5
451,26.5,26.5,26.5
452,26.5,25.0,26.5
453,25.5,25.0,26.5
454,26.5,26.5,24.0
455,26.5,26.0,24.5
456,24.0,24.5,26.0
457,25.0,25.5,26.5
458,26.5,25.5,24.5
459,26.5,25.0,25.5
460,25.0,26.0,25.0
461,26.5,24.5,26.5
462,26.0,26.5,25.5
463,26.0,26.0,26.0
464,25.0,25.0,25.5
465,24.5,24.5,24.5
466,26.0,25.5,24.5
467,26.5,25.5,24.0
468,24.5,25.5,24.0
469,26.0,26.5,24.5
470,25.0,26.0,24.5
471,25.0,26.0,24.5
472,26.0,25.0,24.5
473,26.5,25.5,26.5
474,26.5,26.0,26.0
475,25.0,26.0,25.0
476,24.0,25.5,24.0
477,24.5,26.5,24.5
478,24.5,24.0,26.5
479,26.0,26.5,24.5
480,24.0,25.0,24.0
481,25.0,26.5,26.5
482,24.5,25.5,24.5
483,25.0,25.5,25.5
484,25.5,25.0,24.0
485,26.5,26.0,24.0
486,24.5,24.5,26.5
487,24.0,24.5,26.5
488,26.5,25.5,24.5
489,25.0,26.0,24.5
490,24.0,26.5,26.0
491,24.5,26.0,24.5
492,25.0,24.0,26.5
493,24.5,26.5,24.0
494,24.0,25.0,26.5
495,26.5,26.5,26.5
496,26.5,25.0,25.5
497,24.0,26.0,24.5
498,26.0,25.0,25.0
499,25.0,24.0,24.0
500,26.0,26.0,26.5
501,26.5,26.0,25.5
502,26.0,26.5,25.0
503,25.0,24.0,26.0
504,26.5,25.0,26.0
505,26.0,26.5,24.0
506,24.5,26.0,26.0
507,26.5,25.0,25.5
508,25.0,25.5,25.5
509,24.0,25.0,24.5
510,24.0,24.0,25.5
511,25.0,24.0,25.5
512,24.0,26.0,25.5
513,26.5,25.0,26.5
514,24.5,26.5,24.5
515,26.0,26.0,26.0
516,25.5,26.0,24.0
517,25.5,25.5,25.0
518,25.0,26.0,26.5
519,25.0,24.0,24.0
520,26.5,25.5,25.5
521,26.5,26.5,26.0
522,25.5,25.5,26.0
523,26.5,25.5,24.5
524,26.0,26.5,25.0
525,24.5,24.5,26.5
526,25.0,25.5,25.0
527,26.5,25.5,24.5
528,25.5,24.5,24.0
529,24.5,25.5,24.5
530,26.0,24.0,25.5
531,26.5,25.5,25.0
532,25.0,25.5,26.0
533,24.5,25.5,24.5
534,26.0,24.0,24.0
535,25.0,26.0,26.5
536,25.0,24.0,26.5
537,25.0,25.0,26.0
538,25.5,25.0,24.0
539,24.5,25.0,26.5
540,25.0,25.0,26.0
541,25.0,26.5,26.5
542,26.0,26.5,26.0
543,24.0,26.5,24.0
544,25.5,25.0,24.0
545,24.0,24.0,26.5
546,25.0,26.0,25.0
547,25.5,26.0,26.0
548,25.0,26.0,26.5
549,26.5,26.5,26.5
550,26.5,25.0,26.0
551,25.0,24.5,25.0
552,26.0,24.5,25.5
553,25.5,26.0,25.0
554,24.0,25.5,24.0
555,24.0,24.5,25.0
556,26.0,25.5,26.5
557,24.0,24.0,24.5
558,24.5,26.0,26.0
559,25.5,24.5,25.5
560,25.5,26.5,26.0
561,26.5,26.0,26.0
562,26.5,25.0,25.0
563,26.0,26.5,26.5
564,24.0,24.5,25.0
565,26.5,26.0,26.0
566,24.5,25.5,25.0
567,26.5,26.5,26.5
568,25.0,26.5,24.5
569,25.5,25.0,26.0
570,24.0,24.5,26.0
571,24.0,26.0,24.5
572,26.0,24.0,25.5
573,25.0,25.5,26.5
574,26.0,24.5,26.5
575,25.0,26.5,24.5
576,25.5,25.5,24.0
577,24.5,26.5,26.0
578,24.5,26.0,24.5
579,24.0,25.0,25.5
580,25.0,25.5,25.5
581,25.5,25.0,26.0
582,24.0,25.0,24.5
583,25.5,26.0,26.0
584,25.0,26.5,24.0
585,25.5,26.5,25.0
586,26.5,24.0,24.0
587,25.0,24.0,24.0
588,26.5,25.0,24.5
589,24.0,25.5,25.5
590,26.0,26.5,25.0
591,25.5,26.5,25.0
592,26.5,26.0,24.5
593,25.0,26.0,25.0
594,25.0,25.0,26.5
595,26.0,26.0,24.5
596,24.5,26.0,25.5
597,26.0,25.5,24.5
598,24.0,26.0,24.5
599,26.5,25.5,24.0
600,26.0,26.5,24.0
601,24.0,24.5,24.0
602,25.0,26.5,25.0
603,26.0,25.0,26.0
604,26.0,26.5,25.5
605,26.5,25.0,25.5
606,24.0,26.5,25.5
607,26.5,24.5,26.0
608,25.0,25.0,26.0
609,25.0,24.5,24.5
610,25.5,25.5,26.5
611,26.5,26.5,24.5
612,24.0,25.0,25.5
613,26.0,24.5,26.0
614,25.5,25.5,25.5
615,26.0,26.0,26.0
616,25.0,25.0,24.0
617,25.5,25.0,26.0
618,25.0,25.5,24.0
619,25.0,26.5,25.5
620,25.5,26.0,25.0
621,26.0,25.0,26.5
622,24.5,26.5,24.5
623,26.5,24.5,24.0
624,25.0,26.0,25.5
625,26.0,24.0,26.5
626,26.0,24.5,24.5
627,24.0,25.0,26.5
628,26.5,24.0,26.5
629,26.5,24.5,26.5
630,25.0,26.5,26.5
631,24.5,24.5,25.0
632,24.5,26.0,26.5
633,26.0,26.0,25.0
634,25.5,24.0,25.5
635,26.0,24.5,25.0
636,24.5,26.0,26.5
637,26.5,24.0,25.0
638,25.0,25.0,24.0
639,26.5,26.5,26.5
640,24.0,25.5,24.0
641,25.5,24.5,26.5
642,24.0,24.5,25.5
643,26.0,25.5,26.0
644,26.5,26.5,26.0
645,26.5,24.5,25.5
646,24.5,25.5,26.5
647,25.0,25.5,24.5
648,26.5,26.0,25.0
649,25.5,25.5,26.0
650,26.0,25.5,24.0
651,26.0,26.5,25.5
652,25.5,25.5,25.5
653,25.0,25.5,26.5
654,26.0,24.0,24.5
655,26.0,26.0,25.0
656,24.5,25.5,25.5
657,26.5,24.0,24.5
658,26.0,26.5,24.0
659,26.0,26.5,26.5
660,26.0,26.0,24.5
661,26.0,26.0,24.0
662,24.5,24.5,24.0
663,25.5,26.0,24.0
664,24.0,25.0,26.5
665,26.0,26.5,25.0
666,26.0,24.0,26.0
667,26.5,26.0,24.0
668,25.0,24.5,25.0
669,24.5,24.5,26.0
670,24.0,26.0,25.0
671,24.0,24.0,26.0
672,24.5,26.0,24.5
673,25.0,24.5,24.5
674,26.0,24.0,24.5
675,24.0,26.5,25.0
676,26.5,25.0,26.5
677,25.5,26.0,24.5
678,26.5,24.0,24.5
679,25.0,25.5,26.0
680,26.5,25.5,24.0
681,26.5,25.5,25.5
682,25.5,25.0,25.0
683,25.0,25.0,25.5
684,25.5,25.5,26.5
685,25.5,26.5,24.5
686,24.5,26.0,26.5
687,25.0,24.0,25.0
688,24.5,24.0,25.5
689,24.0,25.5,26.0
690,24.5,25.5,25.0
691,24.5,26.5,24.5
692,24.5,24.5,25.5
693,26.0,26.0,26.5
694,26.0,26.0,25.0
695,25.0,25.5,26.0
696,26.0,25.5,24.5
697,25.0,24.5,25.5
698,24.5,25.5,26.5
699,26.0,26.5,24.0
700,25.0,25.0,25.5
701,24.0,25.0,26.5
702,24.0,25.0,24.5
703,26.0,24.0,25.5
704,24.5,25.5,25.0
705,24.0,24.0,25.5
706,26.5,24.0,25.0
707,26.5,25.0,24.5
708,25.0,24.0,24.0
709,25.0,24.0,26.0
710,26.5,26.0,26.5
711,24.5,26.0,25.0
712,24.0,26.5,25.5
713,26.0,25.0,24.5
714,25.5,26.5,24.5
715,26.0,26.0,26.0
716,25.0,24.5,24.0
717,26.0,26.0,24.5
718,26.5,24.5,24.5
719,24.0,24.0,25.0
720,25.0,25.5,26.5
721,25.0,25.0,25.0
722,25.5,25.5,24.5
723,24.5,26.5,24.5
724,24.5,25.0,24.0
725,25.0,25.5,24.0
726,26.0,26.0,26.5
727,24.0,24.0,25.0
728,24.5,26.5,26.0
729,26.0,26.5,25.0
730,24.5,25.0,26.5
731,25.0,24.5,26.0
732,26.0,26.0,25.0
733,24.0,25.0,26.0
734,26.0,25.0,26.5
735,26.0,25.5,26.5
736,26.0,24.5,25.5
737,24.5,26.0,24.0
738,24.5,24.0,25.5
739,26.0,26.0,26.0
740,24.5,26.5,24.5
741,26.0,26.5,25.0
742,26.0,26.0,26.5
743,25.5,25.0,25.5
744,26.0,24.0,26.0
745,25.5,26.0,25.5
746,25.0,25.5,25.5
747,25.0,26.5,25.5
748,26.5,25.5,24.5
749,25.5,26.5,24.5
750,25.5,24.5,25.0
751,25.0,24.5,25.0
752,25.5,26.0,25.0
753,24.5,26.0,25.5
754,25.0,25.5,25.0
755,25.0,25.5,26.5
756,25.0,26.0,26.5
757,24.0,25.0,24.5
758,24.0,24.5,24.0
759,25.5,25.0,26.0
760,25.0,26.0,25.5
761,25.0,26.0,24.0
762,25.5,24.0,26.5
763,26.0,24.5,24.5
764,26.0,25.0,25.0
765,25.5,25.5,26.0
766,25.5,24.0,26.5
767,24.5,25.0,25.0
768,26.0,26.0,25.0
769,25.0,25.5,26.0
770,24.5,25.5,26.5
771,24.5,26.0,26.5
772,24.5,24.0,26.0
773,25.5,26.5,26.0
774,25.5,26.5,25.0
775,26.0,25.5,26.0
776,26.5,24.5,24.5
777,25.5,25.5,24.5
778,25.5,25.0,25.5
779,26.0,24.0,25.0
780,26.5,26.0,25.5
781,25.0,26.5,26.0
782,24.5,25.0,25.0
783,26.5,26.0,26.5
784,26.0,26.5,24.0
785,26.0,24.0,24.5
786,24.0,25.5,25.5
787,24.5,26.0,26.5
788,25.5,26.0,24.5
789,26.5,25.0,25.0
790,24.0,24.0,26.0
791,26.0,26.5,24.0
792,26.0,25.5,26.5
793,25.0,24.0,26.0
794,26.0,25.5,24.5
795,25.5,26.0,26.0
796,26.0,26.5,25.0
797,25.5,26.0,26.5
798,26.0,25.5,26.5
799,25.5,25.0,25.0
800,25.5,26.5,25.5
801,25.5,25.0,25.5
802,25.0,25.0,25.5
803,25.5,24.0,26.0
804,25.5,26.5,26.5
805,24.0,25.0,25.5
806,24.5,24.5,24.5
807,26.5,26.0,25.0
808,25.5,26.0,26.0
809,24.5,26.0,24.5
810,26.0,25.5,25.0
811,24.5,25.5,24.0
812,24.5,26.5,26.5
813,26.0,25.0,24.0
814,26.5,26.0,26.5
815,25.0,24.0,25.5
816,26.0,24.5,25.0
817,24.5,25.5,25.5
818,26.5,25.5,25.5
819,25.5,24.0,24.5
820,25.0,26.5,24.0
821,25.0,26.5,25.5
822,24.5,26.0,25.5
823,25.0,26.5,26.5
824,25.0,25.0,24.0
825,26.0,24.0,26.5
826,24.5,26.5,26.0
827,24.5,25.5,24.0
828,24.0,26.5,25.0
829,26.5,25.5,24.0
830,24.0,24.5,24.5
831,24.5,25.0,25.5
832,25.5,25.5,24.0
833,24.0,25.5,25.5
834,24.0,26.5,24.5
835,25.5,26.0,25.0
836,24.0,26.0,26.5
837,25.0,26.0,24.0
838,25.0,25.0,24.0
839,24.5,25.5,25.5
840,25.0,24.5,25.0
841,25.0,24.0,26.0
842,24.5,26.5,25.0
843,24.5,25.5,26.0
844,25.5,26.5,26.5
845,26.5,24.5,24.5
846,25.0,26.5,24.5
847,26.0,26.0,25.0
848,25.0,26.0,26.5
849,24.5,25.5,25.5
850,25.5,25.5,25.0
851,24.5,25.5,26.5
852,24.0,26.5,25.0
853,26.5,25.0,26.0
854,25.0,24.5,24.0
855,25.0,25.5,24.0
856,25.5,25.0,26.5
857,26.5,24.5,25.0
858,25.0,25.0,25.5
859,25.0,24.0,25.5
860,26.0,26.0,24.0
861,25.5,25.5,24.5
862,25.0,25.0,26.0
863,26.5,26.5,26.0
864,25.0,24.0,24.5
865,25.5,25.5,24.0
866,24.0,25.5,25.5
867,26.5,24.5,25.5
868,24.0,25.0,24.5
869,25.5,25.5,26.0
870,25.5,25.0,24.0
871,25.5,25.5,26.5
872,26.0,25.5,24.5
873,24.5,25.0,25.5
874,25.5,26.5,26.5
875,26.5,25.0,25.0
876,26.5,26.0,26.0
877,25.5,25.0,24.0
878,25.5,26.0,24.0
879,25.5,25.5,24.5
880,26.0,25.5,25.5
881,24.5,26.5,25.5
882,24.0,25.0,25.0
883,26.5,24.5,24.0
884,24.5,26.0,26.5
885,26.0,25.0,24.5
886,25.5,24.5,24.0
887,25.5,25.0,26.5
888,26.5,26.5,26.5
889,25.0,25.5,26.0
890,24.0,25.5,26.5
891,25.0,24.0,26.0
892,26.0,26.5,25.5
893,25.0,24.5,25.5
894,25.0,25.5,25.0
895,24.5,24.0,24.0
896,24.5,25.0,26.0
897,24.0,25.5,25.5
898,25.0,26.5,26.5
899,25.5,24.0,26.0
900,25.0,24.5,24.5
901,26.5,25.0,24.5
902,25.0,25.5,25.0
903,25.5,25.0,26.5
904,24.5,26.5,26.5
905,24.0,25.0,26.5
906,25.5,25.5,26.0
907,25.0,24.5,26.0
908,26.0,26.0,26.5
909,25.5,24.0,24.0
910,24.5,25.5,25.5
911,24.0,24.0,24.0
912,24.5,25.5,25.0
913,25.0,24.5,25.5
914,26.0,24.0,26.0
915,25.5,26.0,24.0
916,24.5,25.5,24.0
917,26.5,25.0,26.0
918,25.5,25.0,25.0
919,25.5,26.0,26.5
920,26.5,25.5,25.5
921,26.5,24.0,26.5
922,25.0,24.5,26.5
923,24.5,25.5,25.5
924,26.5,26.0,26.0
925,24.5,24.0,26.0
926,25.5,26.5,24.5
927,25.5,26.5,26.5
928,26.5,24.0,25.0
929,24.5,25.0,26.0
930,26.0,24.0,26.5
931,25.5,24.0,25.5
932,24.0,26.0,24.5
933,26.0,25.5,26.0
934,26.0,25.5,25.5
935,24.5,24.0,25.5
936,25.0,26.0,26.0
937,24.5,24.5,26.0
938,24.0,26.0,25.0
939,25.5,26.0,25.5
940,24.0,25.5,24.0
941,26.0,25.5,25.5
942,26.0,24.0,26.0
943,26.5,26.5,25.5
944,25.5,26.5,26.5
945,24.0,25.5,26.5
946,24.5,24.0,26.5
947,24.5,26.5,26.5
948,24.5,26.5,26.0
949,26.0,25.0,24.0
950,26.0,26.5,26.0
951,24.5,24.0,24.5
952,26.0,25.5,26.5
953,24.5,24.0,24.5
954,26.0,25.5,24.0
955,25.0,25.5,26.5
956,26.5,25.5,25.5
957,25.5,25.0,26.5
958,24.0,25.5,24.5
959,26.5,26.5,26.0
960,26.0,26.0,26.5
961,24.5,26.0,24.0
962,26.0,24.5,26.0
963,26.0,26.0,25.0
964,25.0,24.0,25.0
965,25.5,25.0,25.0
966,26.0,25.5,25.5
967,25.0,26.0,26.5
968,24.0,26.5,24.0
969,25.5,24.5,26.5
970,26.0,25.5,26.0
971,24.5,26.5,25.0
972,26.0,26.0,26.5
973,25.5,25.0,26.5
974,26.5,25.0,24.0
975,25.5,26.5,25.0
976,24.0,26.0,25.0
977,24.5,24.0,24.5
978,26.5,26.0,24.5
979,24.5,24.5,25.5
980,25.0,25.5,25.0
981,25.0,26.0,26.5
982,25.5,25.5,25.0
983,26.0,25.0,24.0
984,24.0,24.0,26.0
985,25.0,26.5,25.0
986,25.0,26.5,25.0
987,25.5,25.5,26.5
988,26.5,25.5,25.5
989,25.5,25.0,24.0
990,25.5,25.0,26.0
991,25.5,26.5,24.0
992,25.5,26.0,24.0
993,25.0,26.0,24.0
994,24.0,24.0,25.5
995,26.5,25.5,26.5
996,25.0,26.0,25.5
997,24.0,25.5,24.0
998,24.0,24.5,24.5
999,24.0,25.5,25.5
1000,26.0,26.0,24.5
1001,24.5,24.5,26.5
1002,25.5,25.0,25.5
1003,24.5,26.5,25.5
1004,26.5,25.0,25.5
1005,25.0,26.5,25.5
1006,25.5,26.0,25.0
1007,26.0,24.0,25.5
1008,24.5,25.0,25.5
1009,25.0,25.5,26.5
1010,26.0,25.0,26.5
1011,26.5,24.5,26.5
1012,25.5,25.5,26.0
1013,26.5,25.5,25.5
1014,26.5,26.0,25.0
1015,26.0,24.5,26.5
1016,25.5,25.0,25.5
1017,24.0,26.0,26.0
1018,25.5,26.0,25.0
1019,24.0,25.5,25.5
1020,26.0,26.5,25.5
1021,26.5,26.5,26.0
1022,25.0,26.5,25.5
1023,25.5,25.0,24.0
1024,26.0,24.5,26.5
1025,24.5,26.0,24.0
1026,24.0,25.5,26.0
1027,25.0,25.0,25.0
1028,25.0,26.0,25.5
1029,24.5,25.5,24.5
1030,25.0,26.5,26.5
1031,24.5,26.0,24.0
1032,25.5,24.5,26.0
1033,26.5,26.5,26.5
1034,25.5,26.0,26.0
1035,24.0,25.5,26.0
1036,26.5,24.0,25.0
1037,26.5,26.0,25.5
1038,25.0,24.0,24.5
1039,26.5,25.5,25.5
1040,24.0,26.0,25.5
1041,25.5,24.5,26.5
1042,25.5,25.0,26.5
1043,24.5,25.5,25.5
1044,24.0,24.5,25.5
1045,24.5,24.0,24.0
1046,25.5,25.0,24.0
1047,24.5,25.5,25.5
1048,26.0,25.5,25.5
1049,26.0,26.0,24.0
1050,24.5,25.5,26.5
1051,25.0,26.0,26.5
1052,24.5,25.5,24.5
1053,26.5,25.0,26.5
1054,24.5,26.0,26.0
1055,24.5,24.5,25.5
1056,25.5,25.0,26.0
1057,24.0,26.5,26.5
1058,24.5,26.5,24.5
1059,25.0,24.0,26.0
1060,24.5,24.0,26.0
1061,24.5,26.0,25.0
1062,26.0,24.0,26.5
1063,25.0,26.5,25.5
1064,24.0,26.5,24.5
1065,26.0,25.5,26.0
1066,25.5,26.0,26.0
1067,25.5,25.5,26.5
1068,25.5,24.0,24.5
1069,25.0,26.5,25.0
1070,25.5,24.5,24.5
1071,26.5,25.5,25.5
1072,26.5,25.5,26.0
1073,24.0,26.5,25.0
1074,26.5,25.0,25.5
1075,26.0,25.5,26.5
1076,25.0,24.5,24.5
1077,25.5,24.0,25.5
1078,24.5,24.0,24.0
1079,26.0,24.5,24.0
1080,26.5,24.0,25.5
1081,25.0,26.0,25.5
1082,25.0,26.5,26.5
1083,25.5,26.0,25.0
1084,24.0,24.5,25.0
1085,25.0,26.0,26.0
1086,24.5,24.0,25.0
1087,24.5,25.0,25.0
1088,26.5,26.5,26.0
1089,26.5,24.5,25.0
1090,26.0,25.0,24.5
1091,24.0,26.5,24.5
1092,24.0,25.0,24.5
1093,25.0,26.0,24.5
1094,26.5,26.0,24.0
1095,24.0,26.5,25.0
1096,26.5,26.0,24.0
1097,25.5,24.5,25.0
1098,26.5,26.5,26.5
1099,25.0,25.5,26.5
1100,25.0,26.5,24.0
1101,25.0,25.5,24.5
1102,24.5,26.0,25.0
1103,26.5,25.5,25.0
1104,24.0,25.5,24.0
1105,25.0,24.5,26.0
1106,25.5,25.0,24.0
1107,26.0,25.5,25.0
1108,26.5,25.0,26.0
1109,26.0,26.5,24.0
1110,26.0,26.5,24.0
1111,24.5,25.5,26.0
1112,25.0,25.5,26.5
1113,25.5,24.5,24.5
1114,26.5,24.0,26.0
1115,24.5,26.0,26.0
1116,24.5,26.5,25.5
1117,25.5,26.5,25.5
1118,24.0,26.5,26.0
1119,26.5,26.0,24.5
1120,25.0,25.0,24.5
1121,25.0,24.5,26.5
1122,25.0,25.0,26.0
1123,26.5,26.5,24.0
1124,26.5,26.0,26.0
1125,25.0,25.0,26.5
1126,26.0,26.0,24.5
1127,26.5,26.5,24.5
1128,25.0,24.5,26.5
1129,25.5,26.0,26.0
1130,26.5,25.0,26.5
1131,26.5,25.5,25.5
1132,26.0,25.5,26.0
1133,25.0,26.5,25.0
1134,25.0,25.0,26.5
1135,24.0,24.5,25.0
1136,26.0,25.5,24.5
1137,25.0,26.0,26.0
1138,26.0,26.0,26.5
1139,25.0,24.0,26.5
1140,26.5,25.5,24.5
1141,26.0,25.0,26.0
1142,26.5,24.0,25.5
1143,24.0,26.5,25.0
1144,24.5,25.0,24.0
1145,26.0,26.0,24.0
1146,26.0,26.5,25.5
1147,24.0,24.5,25.5
1148,26.0,26.0,24.0
1149,25.0,25.0,25.5
1150,26.0,25.0,25.0
1151,26.5,25.5,24.0
1152,25.5,26.5,24.0
1153,24.5,24.5,26.5
1154,25.0,26.0,26.5
1155,26.5,24.5,26.5
1156,25.5,25.5,26.0
1157,24.5,26.5,25.5
1158,24.0,24.0,24.0
1159,25.5,26.5,26.5
1160,26.5,25.5,24.5
1161,25.5,25.5,24.5
1162,26.5,24.0,26.0
1163,24.0,26.0,24.5
1164,25.5,25.0,24.5
1165,26.5,24.5,25.5
1166,25.5,24.5,25.5
1167,25.0,26.0,24.0
1168,26.0,26.0,26.0
1169,24.0,25.5,26.0
1170,25.0,25.5,26.5
1171,26.5,25.5,25.5
1172,24.5,24.0,25.0
1173,25.5,26.0,26.0
1174,25.0,24.5,25.5
1175,24.5,25.5,24.0
1176,24.0,26.5,26.0
1177,24.5,25.5,24.5
1178,25.0,25.5,24.5
1179,26.5,26.0,25.0
1180,24.0,26.5,24.0
1181,24.0,26.0,25.0
1182,25.0,25.5,25.5
1183,25.5,24.0,25.0
1184,24.5,26.0,25.0
1185,24.5,24.0,24.0
1186,26.5,26.5,24.5
1187,24.5,25.0,26.5
1188,24.5,26.5,25.0
1189,25.0,25.0,24.0
1190,26.0,26.5,26.0
1191,26.0,25.5,25.0
1192,26.5,24.5,24.5
1193,26.5,25.5,25.0
1194,26.0,26.0,25.0
1195,24.5,24.5,26.0
1196,25.0,26.5,25.0
1197,26.0,25.0,25.5
1198,25.0,24.5,24.0
1199,26.0,26.0,25.0
1200,25.0,25.5,26.5
1201,25.0,26.0,26.0
1202,25.0,25.5,26.0
1203,24.0,26.5,25.5
1204,26.5,26.5,26.0
1205,25.0,25.0,24.5
1206,25.5,25.0,24.5
1207,25.5,24.5,26.5
1208,24.5,25.5,25.5
1209,25.0,25.5,25.5
1210,26.0,25.5,24.0
1211,24.5,26.5,24.0
1212,26.5,24.5,26.0
1213,26.5,25.5,26.5
1214,26.5,24.0,25.0
1215,24.5,26.5,26.0
1216,25.5,25.0,26.5
1217,25.5,26.5,26.5
1218,25.0,26.5,25.5
1219,25.0,25.5,24.5
1220,25.0,25.0,26.5
1221,26.0,25.5,25.5
1222,26.5,24.5,25.0
1223,25.0,25.5,25.0
1224,26.0,26.5,25.5
1225,26.5,24.5,26.0
1226,25.5,24.5,25.5
1227,24.5,26.5,26.0
1228,25.0,25.5,24.0
1229,24.5,24.5,25.5
1230,24.0,25.0,24.0
1231,24.5,26.5,24.5
1232,25.5,24.0,25.0
1233,25.0,25.5,26.5
1234,25.0,26.0,26.5
1235,25.5,25.0,26.0
1236,24.0,25.5,26.0
1237,25.5,24.0,26.5
1238,25.0,24.5,25.5
1239,26.0,25.5,25.5
1240,25.5,26.0,25.0
1241,26.5,24.5,25.0
1242,25.5,25.0,26.0
1243,26.0,24.5,24.5
1244,26.5,26.0,26.0
1245,26.5,24.5,24.5
1246,25.0,26.5,24.5
1247,26.0,25.5,24.0
1248,26.0,25.5,25.5
1249,24.0,24.0,25.5
1250,26.0,26.0,25.0
1251,25.5,24.5,26.0
1252,24.5,25.0,25.0
1253,25.5,24.0,26.0
1254,24.0,25.5,26.5
1255,24.0,26.5,25.5
1256,26.5,25.0,25.0
1257,26.5,24.0,24.5
1258,24.5,24.5,24.0
1259,25.5,25.5,25.5
1260,26.0,25.5,24.0
1261,24.5,24.5,25.5
1262,25.0,26.5,24.5
1263,25.0,26.0,25.5
1264,25.0,24.0,24.5
1265,24.5,25.5,26.0
1266,24.5,24.5,24.0
1267,25.5,24.5,26.5
1268,25.5,24.5,25.5
1269,24.5,24.5,24.0
1270,26.5,26.0,26.0
1271,25.0,26.0,26.5
1272,25.5,26.5,26.5
1273,26.5,24.0,26.0
1274,26.0,25.0,25.5
1275,25.5,25.0,24.5
1276,24.5,25.0,25.0
1277,26.5,24.5,25.5
1278,25.0,24.5,26.5
1279,26.5,25.0,25.5
1280,25.0,25.5,26.5
1281,25.0,26.0,26.5
1282,26.5,24.5,25.5
1283,25.5,25.0,26.0
1284,26.0,26.5,24.5
1285,26.5,25.0,24.5
1286,24.0,25.0,25.5
1287,25.0,24.0,25.5
1288,24.0,26.0,26.5
1289,24.5,24.5,25.0
1290,25.0,26.5,24.0
1291,26.0,25.0,24.5
1292,26.0,25.5,24.5
1293,25.0,24.5,24.5
1294,26.0,25.0,26.0
1295,24.5,25.5,25.0
1296,24.0,25.0,24.0
1297,25.5,25.5,26.5
1298,26.5,24.0,26.0
1299,25.5,25.0,25.0
1300,24.5,24.5,24.0
1301,25.0,26.5,25.0
1302,25.0,24.0,24.0
1303,24.5,24.0,26.0
1304,24.0,24.5,25.0
1305,26.5,26.0,25.0
1306,24.0,26.5,26.0
1307,26.5,25.0,25.0
1308,26.5,26.5,24.5
1309,26.5,26.0,25.5
1310,25.0,26.0,25.5
1311,26.5,25.0,25.0
1312,26.5,24.5,24.0
1313,26.0,26.5,25.0
1314,25.5,26.5,26.0
1315,25.5,26.0,26.0
1316,26.0,25.0,26.0
1317,25.5,24.0,24.0
1318,24.0,26.5,26.5
1319,26.5,25.0,26.5
1320,26.0,26.5,25.5
1321,24.0,26.5,26.5
1322,25.0,25.5,24.0
1323,26.0,26.0,25.5
1324,24.5,26.0,24.5
1325,25.0,26.5,24.5
1326,26.0,24.5,25.5
1327,25.0,25.5,26.5
1328,26.0,26.5,26.5
1329,25.0,25.0,24.0
1330,24.0,25.0,25.0
1331,26.0,24.5,24.5
1332,24.0,25.0,24.5
1333,26.0,25.0,25.5
1334,26.0,24.5,26.0
1335,26.5,25.0,25.0
1336,25.5,26.5,26.5
1337,26.0,26.5,26.5
1338,26.0,24.5,24.0
1339,25.5,25.0,25.0
1340,24.5,24.5,26.5
1341,25.0,25.5,24.5
1342,25.5,24.0,26.0
1343,25.0,26.5,25.0
1344,25.5,24.5,24.0
1345,26.5,25.0,26.0
1346,26.5,26.5,24.0
1347,24.0,24.5,25.5
1348,25.0,25.5,24.5
1349,25.0,26.5,25.0
1350,25.0,26.0,26.5
1351,25.0,26.5,25.0
1352,26.5,24.5,24.0
1353,25.5,25.5,25.0
1354,24.0,24.5,26.5
1355,26.5,26.0,25.0
1356,24.0,24.5,25.0
1357,25.0,24.0,26.0
1358,25.0,25.5,25.0
1359,25.5,24.0,26.5
1360,24.0,25.5,25.5
1361,26.5,25.5,26.0
1362,24.5,24.0,26.0
1363,25.5,25.5,25.0
1364,24.5,26.0,24.5
1365,25.5,25.5,26.5
1366,24.5,26.5,24.5
1367,25.5,25.0,25.0
1368,25.0,25.5,26.0
1369,24.0,26.0,26.0
1370,25.0,26.0,25.5
1371,24.5,26.0,26.5
1372,24.5,24.0,26.0
1373,26.5,26.0,25.5
1374,26.5,25.5,24.5
1375,25.5,24.5,26.0
1376,26.5,25.0,26.0
1377,26.0,26.5,26.0
1378,26.5,26.5,25.5
1379,24.5,24.0,25.5
1380,26.0,25.5,26.0
1381,25.5,24.5,26.5
1382,25.5,26.5,26.0
1383,24.0,25.5,26.0
1384,26.5,24.5,24.5
1385,25.0,25.5,26.5
1386,25.5,26.5,25.5
1387,25.0,26.0,26.0
1388,26.5,26.5,26.5
1389,26.5,26.5,25.0
1390,26.5,25.0,26.5
1391,25.5,24.5,26.0
1392,25.5,25.0,26.5
1393,24.5,25.0,25.5
1394,24.0,26.0,24.5
1395,25.5,24.5,25.5
1396,25.0,26.5,25.5
1397,26.0,26.0,26.5
1398,25.0,25.0,25.5
1399,26.5,25.5,25.0
1400,25.0,26.0,26.5
1401,24.5,24.5,25.0
1402,24.0,25.0,24.5
1403,26.5,24.5,25.0
1404,24.5,24.5,24.0
1405,24.5,25.0,25.5
1406,26.5,25.5,24.5
1407,24.0,24.5,26.0
1408,24.0,24.0,25.0
1409,26.0,26.5,24.0
1410,25.5,26.5,24.0
1411,24.5,24.5,24.0
1412,26.5,25.5,25.0
1413,26.5,25.0,26.5
1414,26.0,25.5,24.0
1415,24.5,26.0,24.5
1416,24.0,26.0,26.0
1417,24.5,25.0,25.0
1418,24.5,25.5,26.5
1419,24.5,25.0,26.5
1420,26.5,24.0,24.5
1421,25.0,25.0,26.0
1422,26.0,25.5,25.5
1423,24.0,26.0,25.0
1424,26.0,25.0,26.5
1425,25.5,25.5,25.5
1426,25.0,26.0,26.0
1427,25.5,26.0,24.5
1428,25.0,26.0,26.5
1429,26.0,25.5,26.0
1430,26.0,26.5,24.0
1431,26.5,25.0,24.5
1432,26.0,26.5,24.5
1433,24.0,24.5,25.5
1434,26.5,26.5,24.5
1435,24.5,24.0,25.0
1436,25.5,24.5,24.5
1437,25.5,25.0,24.5
1438,24.0,26.0,26.0
1439,24.5,24.5,25.5
1440,26.0,25.5,24.5
1441,25.5,25.0,25.5
1442,26.5,26.5,26.5
1443,24.5,24.0,25.5
1444,26.5,25.5,26.5
1445,26.0,25.0,26.0
1446,26.5,26.5,25.5
1447,24.0,24.5,24.0
1448,24.5,24.0,26.0
1449,24.5,25.5,26.5
1450,26.5,25.5,24.5
1451,26.0,25.0,26.5
1452,26.5,25.0,26.5
1453,24.0,25.0,25.5
1454,24.5,26.5,26.0
1455,24.5,24.0,25.5
1456,25.5,25.0,25.0
1457,24.0,26.5,25.5
1458,26.5,24.5,25.5
1459,25.0,24.5,25.5
1460,24.5,26.0,26.5
1461,25.5,24.0,26.5
1462,24.0,25.0,24.0
1463,24.0,25.0,24.0
1464,26.5,25.5,24.0
1465,24.0,26.0,24.5
1466,25.0,26.5,25.0
1467,26.0,26.0,25.0
1468,26.5,26.0,25.5
1469,25.5,26.5,26.5
1470,24.5,26.5,24.0
1471,24.0,26.0,25.0
1472,26.0,26.0,26.5
1473,25.5,26.0,25.5
1474,24.5,24.5,25.5
1475,26.5,24.5,26.0
1476,25.5,26.0,25.0
1477,25.5,26.0,26.0
1478,26.5,25.0,24.5
1479,25.0,26.0,25.0
1480,24.0,26.0,26.5
1481,26.5,25.0,26.0
1482,26.5,24.5,25.0
1483,24.0,26.0,26.5
1484,26.5,24.0,24.5
1485,25.0,26.5,24.0
1486,25.5,26.0,26.5
1487,26.5,26.5,24.0
1488,26.0,25.5,25.5
1489,25.0,24.5,25.5
1490,26.5,26.0,26.0
1491,26.5,24.5,26.0
1492,25.0,25.0,25.5
1493,26.0,26.5,25.5
1494,25.5,25.5,26.0
1495,24.5,25.0,24.5
1496,25.5,25.0,24.5
1497,24.5,24.5,25.0
1498,25.5,25.5,25.0
1499,25.5,25.0,25.0
1500,26.5,25.0,26.0
1501,24.5,24.0,24.0
1502,24.0,26.0,26.0
1503,26.5,26.0,24.0
1504,25.5,26.5,24.5
1505,24.5,24.5,24.5
1506,25.5,25.5,24.5
1507,25.0,25.0,26.0
1508,25.5,26.5,24.0
1509,25.0,26.5,25.5
1510,25.5,24.0,25.0
1511,25.5,25.0,26.0
1512,24.5,25.0,25.0
1513,24.5,24.0,26.5
1514,26.0,25.0,24.5
1515,24.5,25.5,24.5
1516,26.5,26.0,25.0
1517,26.0,26.0,25.5
1518,26.5,25.5,24.5
1519,24.0,26.0,24.5
1520,25.0,26.0,25.0
1521,25.0,24.0,24.0
1522,24.0,25.5,25.0
1523,26.5,26.5,26.0
1524,25.0,26.0,26.5
1525,25.5,25.5,24.5
1526,26.5,24.0,26.5
1527,24.0,24.0,26.0
1528,26.5,26.0,26.0
1529,26.5,24.5,25.5
1530,26.5,24.0,24.0
1531,25.5,25.0,25.0
1532,26.0,25.0,25.5
1533,24.5,24.5,25.5
1534,25.0,26.5,26.5
1535,26.5,25.5,25.0
1536,24.5,24.5,24.0
1537,25.0,25.0,25.5
1538,26.5,24.0,26.0
1539,25.0,25.5,26.5
1540,25.0,25.0,25.5
1541,24.0,24.5,24.5
1542,26.0,26.5,25.0
1543,25.5,26.0,24.5
1544,24.0,26.0,26.5
1545,25.0,24.0,26.0
1546,25.0,26.0,25.0
1547,26.0,26.5,26.0
1548,26.0,26.5,25.0
1549,24.5,26.0,24.0
1550,25.5,24.5,26.0
1551,26.5,26.0,25.5
1552,24.5,25.5,26.0
1553,24.5,26.0,26.5
1554,24.0,24.0,26.5
1555,24.5,26.5,26.5
1556,25.5,26.5,26.0
1557,26.0,26.0,26.0
1558,26.0,24.5,25.0
1559,25.5,26.0,25.0
1560,25.0,26.0,24.0
1561,26.0,26.0,24.0
1562,24.0,26.5,25.5
1563,24.5,24.5,26.5
1564,25.0,25.5,25.5
1565,24.5,24.5,24.5
1566,25.0,26.5,26.5
1567,24.5,24.5,25.0
1568,24.5,26.5,25.5
1569,26.0,24.0,25.0
1570,24.5,24.5,24.0
1571,24.5,25.0,25.5
1572,24.5,24.0,26.5
1573,25.5,26.5,25.0
1574,24.0,26.0,24.5
1575,24.5,26.0,25.5
1576,26.0,25.5,26.5
1577,24.0,25.5,25.0
1578,25.5,24.0,26.0
1579,25.0,26.5,25.0
1580,26.0,24.5,24.5
1581,24.5,24.0,24.5
1582,26.5,26.5,25.0
1583,25.0,26.0,24.5
1584,24.0,26.0,26.5
1585,25.0,24.0,25.0
1586,24.5,24.0,25.0
1587,25.0,24.5,26.5
1588,24.0,25.0,24.0
1589,24.5,24.5,25.0
1590,25.5,24.0,25.0
1591,25.0,26.5,24.0
1592,25.0,25.0,25.5
1593,26.0,24.5,24.5
1594,24.5,25.0,26.0
1595,24.5,26.5,26.0
1596,26.0,26.5,26.0
1597,26.5,26.0,26.0
1598,24.0,25.5,25.5
1599,26.0,26.0,24.5
1600,26.0,25.0,24.0
1601,25.5,26.0,25.0
1602,25.0,26.0,26.5
1603,26.0,25.0,24.0
1604,25.5,26.5,25.5
1605,25.0,25.5,25.0
1606,25.0,26.0,24.0
1607,25.5,25.5,26.5
1608,26.5,24.0,24.0
1609,26.5,24.0,26.5
1610,26.0,26.5,25.0
1611,26.0,25.0,24.0
1612,26.0,24.5,24.5
1613,25.0,26.0,26.5
1614,25.5,25.0,26.5
1615,24.0,24.5,24.5
1616,25.5,25.5,24.0
1617,24.0,24.5,25.5
1618,25.5,26.0,25.0
1619,24.0,24.5,25.5
1620,26.5,24.0,25.0
1621,24.0,24.0,25.5
1622,24.0,25.0,24.5
1623,25.0,25.0,24.0
1624,24.0,24.5,24.5
1625,26.0,25.5,26.5
1626,25.0,26.0,24.5
1627,26.5,25.0,25.5
1628,26.0,26.0,24.5
1629,26.0,25.5,24.0
1630,26.5,24.5,25.5
1631,24.5,25.5,25.0
1632,24.0,24.5,26.5
1633,26.0,25.0,25.5
1634,24.0,26.0,26.5
1635,25.0,25.0,24.5
1636,26.5,25.0,26.0
1637,24.5,26.0,25.0
1638,26.5,26.0,26.0
1639,26.0,26.5,26.0
1640,26.5,24.5,24.0
1641,24.0,26.0,25.5
1642,25.0,26.5,24.5
1643,26.0,25.5,26.0
1644,25.5,25.0,26.0
1645,24.0,26.0,26.0
1646,26.5,25.5,24.5
1647,24.0,26.0,25.5
1648,24.5,25.0,24.0
1649,25.0,24.0,25.0
1650,24.5,26.5,26.5
1651,26.5,25.0,25.5
1652,26.0,26.0,26.0
1653,26.5,26.0,24.5
1654,25.5,26.0,24.0
1655,26.5,26.0,24.0
1656,24.0,24.5,25.0
1657,25.5,26.5,25.0
1658,24.5,24.5,24.5
1659,24.0,26.5,26.5
1660,25.0,25.5,24.0
1661,26.0,24.5,25.0
1662,26.0,24.0,26.0
1663,24.5,25.5,24.5
1664,25.0,25.0,24.0
1665,24.0,25.0,24.5
1666,24.0,24.5,26.5
1667,25.0,25.0,26.0
1668,26.0,25.5,26.5
1669,25.5,24.5,26.5
1670,24.5,25.0,24.0
1671,24.0,26.0,26.5
1672,24.0,24.0,24.0
1673,24.5,26.0,26.0
1674,24.0,24.0,25.5
1675,26.0,25.5,25.0
1676,26.5,26.5,24.0
1677,24.5,25.5,26.0
1678,26.5,26.0,26.0
1679,24.5,25.0,25.5
1680,25.0,25.5,26.5
1681,24.0,25.0,25.0
1682,24.5,24.5,25.0
1683,25.0,26.0,24.0
1684,25.0,26.5,26.0
1685,24.5,25.0,25.0
1686,24.0,26.0,26.5
1687,25.0,24.0,24.0
1688,26.5,24.5,26.0
1689,26.5,26.0,24.0
1690,26.5,26.5,25.5
1691,25.0,25.5,24.5
1692,25.5,26.0,24.0
1693,24.0,24.5,24.0
1694,25.0,26.0,24.0
1695,24.5,24.0,24.5
1696,24.5,25.5,25.0
1697,25.0,24.5,25.5
1698,25.5,26.5,24.5
1699,26.0,26.5,26.0
1700,25.5,25.5,26.5
1701,26.0,26.0,24.5
1702,26.5,26.0,24.0
1703,25.5,25.0,26.5
1704,24.0,25.0,26.5
1705,26.0,26.0,24.5
1706,24.5,26.5,25.0
1707,25.5,25.5,24.5
1708,24.5,24.0,24.0
1709,25.5,24.5,25.5
1710,24.5,24.5,25.5
1711,26.0,26.5,26.5
1712,24.5,26.0,24.0
1713,24.5,26.0,26.5
1714,25.0,25.5,24.5
1715,26.0,25.5,24.0
1716,25.5,24.5,26.5
1717,24.0,24.0,25.0
1718,26.0,26.0,25.0
1719,24.5,25.5,25.0
1720,25.0,25.0,26.5
1721,24.5,25.0,26.0
1722,26.5,26.0,25.5
1723,25.5,26.0,25.5
1724,26.0,26.0,24.0
1725,26.0,26.5,26.5
1726,26.5,26.5,24.0
1727,24.5,25.5,24.5
1728,26.5,26.5,24.0
1729,25.5,26.5,24.0
1730,25.0,25.5,26.5
1731,26.0,26.5,25.5
1732,26.5,26.0,25.0
1733,24.0,25.0,24.5
1734,26.0,26.0,24.5
1735,24.5,25.5,24.0
1736,26.5,24.5,25.0
1737,24.0,25.5,26.0
1738,24.0,25.0,25.0
1739,25.5,26.0,26.0
1740,24.5,25.5,26.0
1741,26.5,26.0,25.5
1742,25.5,26.0,26.5
1743,25.0,24.0,24.0
1744,24.0,26.0,26.5
1745,24.5,24.5,26.0
1746,26.0,26.5,26.5
1747,26.0,25.5,24.5
1748,26.5,26.0,26.0
1749,25.5,26.0,25.0
1750,24.0,25.5,25.5
1751,26.5,25.5,26.0
1752,25.5,25.5,26.5
1753,25.0,24.5,25.5
1754,24.0,24.0,26.0
1755,26.5,26.0,25.0
1756,24.5,25.0,24.0
1757,26.0,25.5,25.5
1758,25.0,26.5,25.0
1759,25.0,25.5,25.0
1760,25.5,24.5,25.0
1761,25.0,25.5,26.5
1762,25.5,24.5,26.5
1763,25.5,24.5,26.5
1764,24.5,26.5,25.5
1765,26.0,26.0,25.0
1766,24.5,26.5,24.0
1767,24.5,24.0,26.5
1768,26.0,25.0,24.5
1769,25.0,24.0,25.5
1770,24.0,24.0,25.0
1771,26.0,25.5,25.5
1772,25.5,24.0,26.0
1773,25.0,24.5,26.0
1774,24.5,24.5,24.0
1775,26.0,26.5,24.0
1776,25.5,24.0,26.0
1777,24.0,24.5,25.0
1778,25.0,24.5,25.5
1779,24.5,25.0,26.0
1780,26.0,26.0,26.5
1781,24.5,26.5,24.5
1782,25.5,26.0,26.5
1783,26.0,25.0,26.5
1784,25.5,25.5,25.0
1785,26.0,26.5,24.0
1786,26.5,26.0,25.0
1787,25.5,26.0,25.5
1788,24.5,24.5,24.0
1789,25.5,26.5,26.5
1790,26.0,26.0,25.5
1791,25.0,24.0,25.5
1792,26.5,24.5,25.5
1793,25.0,24.0,26.0
1794,26.5,25.5,26.0
1795,26.5,26.5,25.0
1796,24.5,24.5,24.0
1797,25.5,25.5,26.0
1798,25.5,26.5,24.5
1799,25.0,25.0,25.5
1800,26.5,25.5,25.0
1801,24.0,26.0,24.5
1802,26.5,25.0,24.0
1803,26.5,24.0,24.0
1804,26.5,26.5,24.0
1805,26.0,24.5,26.0
1806,26.5,26.5,26.0
1807,26.5,26.5,24.5
1808,25.5,26.5,25.5
1809,26.5,24.5,24.0
1810,26.5,24.5,24.0
1811,24.5,26.0,25.0
1812,26.5,26.5,25.5
1813,24.5,25.0,25.0
1814,25.5,24.0,26.0
1815,26.5,26.0,25.5
1816,26.0,24.5,24.0
1817,26.0,24.0,25.0
1818,24.0,26.5,26.5
1819,24.5,26.5,25.0
1820,26.5,24.0,24.0
1821,26.5,26.0,24.5
1822,26.0,24.5,25.0
1823,25.0,25.0,24.0
1824,26.5,24.0,25.5
1825,24.0,25.0,24.0
1826,25.0,25.5,25.0
1827,26.5,25.5,24.0
1828,26.5,25.0,26.5
1829,24.0,25.0,26.0
1830,24.0,24.5,26.0
1831,24.5,25.5,26.5
1832,24.0,24.5,25.0
1833,24.0,25.0,26.0
1834,26.0,24.0,24.0
1835,25.5,25.0,24.5
1836,24.5,25.0,26.0
1837,25.5,26.5,26.0
1838,25.5,26.5,26.0
1839,24.5,25.0,24.5
1840,24.5,26.0,24.0
1841,25.0,24.0,25.5
1842,24.0,25.5,25.5
1843,26.0,25.0,25.5
1844,24.5,25.5,26.5
1845,24.0,26.0,26.5
1846,25.5,25.5,26.0
1847,25.0,26.5,26.0
1848,25.0,26.0,26.0
1849,26.5,26.0,25.5
1850,24.0,26.0,24.5
1851,26.0,24.5,24.0
1852,24.0,24.5,24.0
1853,25.5,25.5,26.5
1854,24.5,25.0,26.0
1855,24.0,25.0,25.0
1856,25.0,25.5,24.0
1857,24.0,26.5,24.0
1858,24.5,26.5,25.5
1859,25.0,25.0,24.5
1860,24.0,26.0,26.0
1861,25.5,25.5,25.5
1862,25.5,26.5,24.0
1863,26.0,26.5,24.0
1864,26.0,26.0,24.5
1865,26.5,25.0,26.0
1866,26.5,26.0,24.0
1867,26.5,24.5,25.5
1868,26.0,26.0,26.5
1869,26.0,24.0,24.5
1870,26.0,26.5,24.0
1871,25.5,26.0,25.0
1872,25.0,25.5,24.5
1873,26.0,26.5,25.5
1874,25.5,25.5,25.0
1875,24.0,26.5,26.0
1876,25.0,25.0,26.0
1877,26.5,24.5,26.5
1878,26.5,24.5,24.0
1879,25.0,25.5,25.5
1880,25.5,25.5,24.0
1881,25.0,26.5,25.0
1882,26.5,24.5,25.0
1883,26.0,26.0,25.5
1884,26.5,25.5,26.0
1885,26.5,25.0,26.0
1886,25.5,24.0,24.5
1887,26.5,24.0,24.0
1888,26.0,25.0,24.5
1889,26.5,25.5,25.5
1890,24.5,24.0,26.5
1891,25.5,25.5,26.0
1892,26.5,26.5,26.5
1893,25.0,24.0,25.5
1894,26.0,24.0,25.0
1895,25.5,25.5,25.0
1896,24.5,25.5,25.5
1897,25.5,26.5,25.5
1898,25.0,26.5,26.0
1899,25.0,26.5,24.5
1900,25.5,24.5,26.0
1901,26.0,25.5,26.0
1902,25.0,25.5,25.5
1903,26.0,25.5,25.0
1904,26.0,26.5,26.0
1905,25.0,26.5,26.5
1906,25.0,26.0,24.0
1907,26.5,24.0,25.0
1908,25.5,25.0,26.0
1909,26.5,25.0,24.5
1910,24.0,26.5,24.5
1911,26.0,25.5,25.5
1912,26.5,25.5,26.0
1913,24.0,25.5,24.5
1914,26.5,25.5,26.0
1915,26.5,26.5,25.5
1916,26.0,25.5,26.5
1917,26.0,26.5,25.0
1918,24.0,24.0,26.5
1919,26.0,25.0,26.5
1920,26.0,25.5,24.0
1921,25.5,26.5,26.0
1922,26.5,24.5,25.5
1923,24.0,25.5,24.5
1924,25.5,26.0,24.5
1925,24.0,25.5,24.0
1926,26.5,26.0,26.5
1927,25.5,24.0,26.5
1928,26.5,26.0,25.0
1929,26.0,24.0,26.0
1930,24.5,24.0,24.0
1931,26.5,26.5,25.0
1932,24.0,24.0,25.5
1933,25.5,26.5,25.0
1934,25.5,26.0,24.5
1935,26.0,26.0,24.0
1936,25.5,25.0,24.5
1937,25.5,24.5,26.0
1938,26.0,26.0,25.0
1939,26.0,25.5,24.5
1940,26.5,24.5,24.5
1941,25.0,24.0,26.5
1942,25.5,26.5,25.5
1943,24.0,26.0,26.0
1944,26.0,25.0,26.0
1945,24.0,25.0,26.0
1946,25.0,26.0,25.5
1947,26.0,25.0,25.0
1948,25.0,25.0,26.5
1949,26.0,26.0,24.0
1950,26.0,25.0,24.0
1951,25.5,26.5,25.5
1952,25.5,26.5,26.5
1953,25.0,24.0,25.0
1954,25.0,25.0,25.5
1955,24.5,25.0,25.0
1956,26.5,25.0,25.5
1957,26.5,24.0,24.0
1958,25.5,25.5,26.0
1959,26.5,26.5,25.5
1960,26.0,25.5,26.0
1961,24.5,24.5,24.5
1962,25.5,26.0,26.0
1963,25.0,25.0,24.5
1964,25.0,24.0,24.5
1965,24.5,26.0,24.5
1966,24.0,25.0,24.5
1967,24.0,24.5,26.5
1968,26.5,26.5,24.5
1969,25.5,26.0,26.5
1970,25.5,26.5,26.0
1971,25.5,25.5,26.0
1972,24.5,25.0,25.0
1973,26.0,24.5,24.0
1974,25.0,24.5,25.5
1975,24.0,25.0,24.5
1976,25.0,24.5,26.0
1977,25.5,25.5,25.5
1978,24.5,26.0,24.5
1979,26.5,25.0,24.5
1980,24.0,26.5,26.0
1981,25.5,24.5,26.5
1982,25.5,25.0,26.5
1983,24.5,25.5,26.5
1984,25.0,26.0,26.0
1985,25.5,26.0,25.5
1986,26.0,24.0,24.5
1987,25.0,25.0,25.0
1988,25.0,25.5,25.5
1989,25.5,25.5,26.5
1990,25.0,26.5,26.5
1991,25.5,24.5,26.0
1992,25.0,26.0,25.0
1993,26.0,25.5,25.5
1994,24.0,26.0,26.0
1995,25.0,25.0,25.0
1996,24.5,25.5,25.5
1997,25.0,26.0,25.5
1998,25.0,26.5,24.5
1999,26.0,25.0,25.5
2000,25.5,25.0,25.0
2001,25.0,25.5,25.5
2002,25.0,25.0,26.0
2003,26.5,26.5,24.0
2004,25.5,25.5,25.0
2005,24.0,25.0,26.0
2006,25.5,26.5,26.5
2007,25.5,26.5,24.0
2008,24.5,25.5,24.0
2009,24.5,26.0,24.5
2010,26.0,26.5,24.0
2011,25.0,24.5,25.0
2012,25.5,26.5,24.0
2013,26.0,24.5,25.5
2014,26.0,26.0,24.0
2015,25.5,24.5,26.5
2016,25.0,26.0,25.5
2017,24.0,26.0,25.5
2018,25.5,26.5,25.5
2019,24.0,26.0,25.0
2020,26.5,26.0,25.5
2021,25.5,25.0,24.0
2022,25.5,26.0,25.5
2023,25.0,25.5,26.0
2024,25.5,25.0,24.5
2025,24.0,26.5,24.0
2026,26.5,25.0,26.5
2027,26.0,26.5,25.0
2028,25.0,24.5,25.5
2029,26.5,24.5,25.5
2030,26.0,25.5,24.5
2031,24.0,26.5,24.5
2032,26.5,26.0,24.5
2033,24.5,25.5,26.0
2034,26.0,26.5,26.5
2035,24.0,26.5,24.5
2036,26.0,26.0,25.0
2037,26.0,26.5,24.5
2038,25.5,25.5,25.5
2039,24.5,25.0,25.5
2040,24.5,24.0,25.5
2041,26.5,25.5,26.5
2042,24.0,25.0,25.5
2043,25.0,26.0,25.5
2044,25.5,24.0,26.5
2045,25.5,24.0,25.5
2046,26.5,26.0,26.5
2047,25.5,26.0,24.5
2048,24.5,24.0,24.0
2049,26.0,25.0,26.0
2050,26.0,26.5,24.0
2051,26.5,25.0,24.5
2052,25.5,26.5,24.0
2053,25.0,24.5,25.5
2054,24.5,26.5,25.5
2055,26.5,24.5,24.5
2056,24.0,24.5,25.0
2057,25.0,25.5,26.0
2058,26.5,25.0,25.5
2059,25.5,26.5,26.0
2060,25.5,25.0,24.5
2061,25.5,26.0,24.5
2062,24.0,26.5,25.0
2063,26.0,25.0,26.0
2064,26.0,26.0,26.5
2065,25.5,24.5,24.0
2066,26.0,24.5,24.5
2067,26.5,26.5,24.5
2068,25.5,24.0,26.5
2069,25.5,24.0,25.5
2070,24.5,25.0,26.5
2071,26.5,26.0,25.0
2072,25.0,26.0,26.0
2073,26.0,26.5,25.5
2074,24.5,26.5,24.5
2075,25.5,26.5,24.5
2076,26.0,26.0,24.5
2077,26.5,26.0,26.0
2078,24.0,25.0,25.0
2079,25.0,24.0,25.5
2080,24.0,26.5,24.0
2081,24.5,25.0,24.5
2082,26.0,26.5,25.0
2083,24.0,25.5,24.5
2084,26.0,25.0,24.5
2085,24.0,25.5,26.5
2086,25.0,25.5,24.5
2087,25.5,24.5,24.0
2088,24.0,26.5,25.0
2089,26.5,25.5,26.0
2090,25.0,26.0,26.0
2091,25.5,25.0,25.5
2092,24.0,24.0,25.5
2093,26.0,26.5,25.5
2094,25.5,24.5,25.5
2095,25.5,26.5,26.5
2096,25.5,24.0,25.5
2097,26.5,26.5,25.0
2098,25.0,24.0,24.0
2099,25.0,25.0,26.5
2100,24.5,24.5,26.0
2101,26.0,25.5,25.0
2102,24.5,24.5,25.5
2103,26.5,26.0,26.5
2104,25.5,26.5,25.0
2105,25.5,26.5,25.0
2106,26.0,24.5,25.5
2107,25.0,26.0,24.0
2108,26.0,25.5,25.5
2109,25.5,26.5,25.5
2110,26.0,24.0,25.0
2111,26.5,24.0,24.5
2112,26.5,26.0,24.5
2113,24.5,26.5,26.5
2114,26.5,25.5,24.0
2115,25.0,24.0,25.5
2116,25.0,26.5,26.0
2117,24.0,25.5,25.0
2118,25.5,24.0,25.5
2119,25.5,25.5,26.0
2120,25.5,26.0,26.0
2121,25.5,26.0,26.0
2122,24.5,26.0,24.5
2123,25.0,26.5,26.5
2124,24.0,25.5,25.0
2125,24.0,26.5,24.0
2126,26.0,26.5,25.0
2127,25.0,25.5,24.0
2128,26.5,26.0,25.0
2129,25.0,24.0,24.0
2130,26.5,26.0,26.5
2131,25.5,25.0,25.5
2132,26.5,26.5,24.5
2133,26.0,25.0,24.5
2134,25.0,24.0,24.0
2135,26.5,24.5,24.0
2136,25.0,24.5,25.5
2137,26.5,24.5,26.5
2138,25.0,26.0,26.5
2139,25.0,26.5,24.5
2140,25.5,26.5,26.5
2141,25.0,26.0,25.0
2142,24.0,25.0,24.5
2143,24.5,25.0,26.5
2144,26.5,25.0,25.5
2145,25.0,26.0,26.5
2146,25.0,25.5,26.0
2147,25.5,25.5,25.5
2148,26.0,25.0,25.0
2149,26.0,26.0,26.5
2150,25.5,25.0,26.0
2151,26.0,24.5,26.0
2152,26.0,24.5,25.5
2153,25.5,25.0,25.5
2154,25.5,25.5,24.5
2155,24.5,26.0,24.0
2156,26.0,25.0,26.5
2157,25.0,26.0,24.5
2158,24.5,26.0,25.5
2159,25.5,25.0,26.5
2160,24.0,26.5,25.0
2161,25.5,25.5,24.5
2162,26.0,25.5,26.0
2163,26.0,26.5,26.5
2164,24.0,26.0,24.0
2165,25.0,25.0,24.5
2166,25.5,25.5,24.0
2167,26.5,26.0,25.5
2168,26.0,25.5,25.0
2169,24.0,25.5,25.0
2170,24.0,25.5,26.0
2171,25.0,24.0,25.5
2172,26.0,25.0,25.0
2173,26.0,26.0,25.5
2174,26.0,26.5,24.0
2175,24.0,24.5,24.5
2176,25.0,25.5,25.0
2177,26.0,24.5,25.5
2178,24.5,24.5,24.0
2179,25.5,25.5,26.0
2180,25.0,26.0,26.0
2181,25.5,25.0,25.0
2182,26.5,24.5,24.5
2183,26.5,24.5,25.0
2184,24.5,25.5,25.5
2185,24.5,25.0,25.0
2186,26.0,25.0,25.5
2187,25.5,24.5,24.5
2188,25.0,25.0,26.5
2189,26.0,26.5,24.5
2190,24.5,24.0,26.0
2191,25.0,24.5,26.5
2192,24.5,26.5,26.5
2193,25.0,26.0,24.0
2194,25.5,25.5,24.5
2195,25.0,25.5,26.0
2196,26.5,25.5,25.5
2197,25.0,26.5,24.5
2198,26.5,24.5,25.5
2199,26.5,26.0,25.0
2200,25.5,25.0,25.0
2201,24.0,26.5,26.5
2202,24.5,25.5,24.0
2203,25.5,25.5,24.0
2204,24.0,26.5,26.0
2205,26.5,25.5,24.5
2206,26.0,25.0,26.0
2207,24.5,26.0,26.0
2208,26.0,26.0,26.0
2209,25.5,24.0,24.5
2210,26.5,26.0,24.5
2211,25.0,26.5,25.5
2212,25.0,24.5,25.5
2213,25.5,26.5,24.0
2214,26.0,26.0,26.0
2215,26.5,25.5,26.5
2216,26.0,26.5,24.5
2217,25.5,24.0,24.0
2218,26.5,26.5,26.5
2219,25.0,25.5,25.0
2220,26.5,26.5,25.5
2221,26.5,24.0,24.5
2222,24.0,24.5,24.5
2223,24.5,25.0,25.5
2224,26.5,26.5,24.0
2225,26.0,25.5,26.0
2226,26.0,25.5,26.5
2227,26.0,25.0,25.5
2228,25.5,24.0,25.0
2229,26.5,25.5,26.0
2230,26.5,24.0,26.5
2231,25.0,25.0,26.5
2232,24.5,25.5,26.5
2233,24.5,24.0,26.5
2234,26.5,25.5,26.0
2235,25.0,26.0,25.5
2236,25.0,25.0,24.5
2237,26.0,24.0,25.0
2238,26.0,26.5,25.5
2239,26.0,25.0,25.0
2240,25.5,25.5,25.5
2241,25.0,26.5,26.0
2242,24.5,26.0,26.5
2243,25.5,25.0,26.5
2244,26.5,25.5,24.5
2245,26.5,26.0,25.0
2246,25.0,25.0,25.5
2247,25.5,26.0,26.0
2248,26.0,25.0,25.0
2249,24.0,25.5,25.0
2250,26.5,26.5,24.0
2251,24.5,25.0,24.5
2252,26.5,26.5,26.0
2253,26.5,25.5,25.5
2254,26.0,25.0,24.5
2255,25.5,25.0,26.5
2256,26.5,25.0,24.5
2257,25.0,26.5,24.0
2258,24.0,24.0,26.5
2259,26.0,26.0,24.5
2260,26.5,24.0,26.5
2261,26.0,25.5,24.0
2262,25.0,25.5,25.5
2263,26.0,26.0,25.5
2264,25.0,26.0,25.0
2265,24.0,25.0,24.5
2266,24.0,25.0,26.5
2267,25.0,24.0,26.0
2268,24.0,24.0,25.0
2269,25.5,25.0,24.5
2270,24.5,25.0,24.5
2271,26.5,24.5,26.5
2272,25.5,25.5,24.0
2273,24.5,24.0,24.0
2274,26.0,26.5,26.0
2275,24.0,26.0,26.5
2276,26.5,24.0,26.5
2277,26.0,25.5,26.0
2278,25.5,24.0,26.5
2279,26.5,25.0,26.5
2280,24.0,25.0,24.0
2281,24.0,24.0,26.0
2282,24.5,26.0,24.0
2283,26.0,26.0,25.0
2284,25.5,26.0,24.5
2285,25.5,25.0,26.5
2286,26.0,26.5,24.5
2287,25.0,25.5,26.0
2288,25.0,24.0,25.0
2289,24.0,24.0,25.5
2290,24.0,24.5,25.5
2291,26.5,25.5,24.0
2292,24.0,24.0,24.0
2293,25.5,24.5,25.5
2294,24.5,26.5,26.5
2295,26.0,25.0,26.5
2296,24.5,25.0,26.5
2297,25.0,25.5,24.0
2298,25.5,26.0,25.0
2299,25.0,24.0,25.0
2300,25.0,26.0,25.5
2301,25.0,25.5,26.5
2302,25.5,25.5,26.0
2303,26.0,24.5,26.0
2304,24.0,25.5,26.0
2305,24.5,24.0,26.0
2306,26.5,26.5,24.5
2307,24.5,26.5,24.5
2308,24.0,26.0,24.5
2309,25.0,26.0,24.5
2310,26.5,26.5,24.5
2311,26.0,24.5,24.0
2312,26.0,25.5,26.0
2313,24.0,24.0,24.0
2314,24.0,24.0,26.0
2315,24.5,25.5,25.5
2316,25.0,24.0,25.0
2317,25.0,26.5,25.0
2318,25.0,24.5,24.0
2319,25.5,25.5,26.0
2320,26.0,24.5,26.5
2321,24.5,24.0,24.5
2322,24.5,25.5,25.5
2323,26.0,26.0,26.0
2324,25.5,25.5,24.5
2325,24.0,25.5,26.5
2326,24.5,26.0,25.5
2327,25.0,26.5,24.5
2328,24.5,24.5,26.0
2329,26.0,25.5,25.0
2330,25.0,25.0,26.5
2331,26.5,24.5,24.5
2332,26.0,26.0,25.5
2333,25.0,25.0,26.5
2334,26.5,24.5,24.5
2335,26.5,26.5,26.5
2336,25.0,26.0,25.5
2337,26.5,25.5,26.5
2338,25.0,26.0,26.0
2339,26.0,25.5,25.0
2340,24.0,24.5,26.5
2341,24.0,25.0,24.0
2342,25.5,25.0,25.0
2343,24.0,26.0,25.0
2344,26.0,25.5,24.5
2345,26.0,24.5,26.5
2346,26.5,24.5,25.0
2347,24.0,24.0,25.5
2348,24.0,25.0,26.5
2349,25.0,26.0,24.5
2350,26.5,25.0,26.0
2351,24.5,24.0,25.5
2352,24.5,24.5,26.0
2353,26.5,26.0,24.0
2354,25.0,25.0,24.0
2355,24.0,24.0,26.5
2356,26.5,25.5,24.5
2357,25.5,25.0,25.0
2358,24.5,24.0,25.0
2359,25.5,26.0,26.0
2360,26.5,24.0,26.5
2361,25.5,26.5,24.0
2362,25.0,26.5,25.5
2363,26.5,25.0,25.5
2364,24.0,24.0,24.5
2365,24.0,26.5,25.5
2366,25.0,24.5,26.0
2367,26.0,26.5,25.0
2368,26.0,24.0,25.0
2369,25.5,24.5,24.0
2370,26.5,25.0,26.0
2371,24.5,25.0,26.5
2372,24.5,24.0,24.0
2373,24.0,24.5,24.5
2374,25.5,26.5,25.5
2375,25.5,26.0,24.0
2376,26.0,24.5,25.0
2377,26.0,24.0,24.0
2378,25.0,25.5,24.5
2379,26.0,24.0,25.5
2380,26.0,26.0,25.0
2381,25.5,26.5,24.0
2382,25.5,25.0,25.5
2383,25.0,24.5,24.5
2384,25.5,26.5,25.0
2385,25.0,25.0,24.5
2386,26.0,24.0,25.0
2387,24.0,24.0,25.0
2388,24.0,26.5,24.5
2389,26.5,25.5,26.5
2390,25.5,25.5,25.0
2391,24.0,25.5,25.5
2392,25.0,25.5,25.5
2393,25.0,26.0,24.5
2394,25.5,24.0,24.5
2395,25.5,26.0,24.5
2396,25.0,26.0,24.0
2397,26.0,25.5,25.5
2398,26.5,25.5,26.5
2399,26.0,24.5,24.5
2400,25.5,25.0,26.0
2401,24.5,24.5,24.5
2402,26.0,24.5,24.5
2403,24.5,26.5,24.5
2404,25.5,26.5,26.5
2405,26.5,26.0,26.5
2406,26.5,24.0,26.5
2407,25.0,25.0,26.0
2408,24.5,25.5,26.0
2409,26.0,26.5,24.5
2410,24.5,26.5,25.0
2411,26.5,25.0,24.5
2412,25.5,25.0,24.5
2413,24.5,25.5,24.0
2414,26.0,25.0,25.5
2415,24.0,25.5,25.5
2416,26.5,26.5,25.0
2417,25.0,24.0,25.0
2418,24.5,26.5,24.0
2419,25.0,26.5,25.5
2420,24.0,25.5,26.5
2421,25.5,24.5,26.5
2422,24.5,26.0,26.5
2423,25.5,25.5,25.0
2424,25.0,25.5,25.5
2425,25.0,24.5,24.5
2426,25.0,25.5,24.5
2427,26.5,25.5,25.0
2428,26.0,25.0,26.0
2429,25.0,25.5,25.5
2430,25.5,26.0,26.5
2431,25.5,26.0,26.5
2432,24.0,26.5,24.0
2433,24.5,25.5,24.5
2434,26.0,24.5,26.0
2435,25.0,24.0,24.5
2436,25.5,25.5,26.0
2437,26.5,24.5,26.5
2438,25.0,25.5,24.0
2439,24.5,24.5,26.5
2440,26.5,26.0,24.0
2441,25.0,25.5,25.5
2442,25.0,25.5,26.5
2443,26.5,26.5,25.5
2444,25.0,26.0,24.5
2445,26.0,25.0,25.0
2446,26.5,26.5,26.0
2447,25.5,26.0,25.5
2448,25.5,25.5,25.5
2449,25.5,25.5,24.5
2450,24.5,26.0,25.5
2451,26.5,24.5,25.0
2452,25.0,24.5,26.5
2453,26.5,26.0,24.0
2454,25.5,24.5,26.0
2455,25.5,25.0,26.0
2456,25.5,26.0,26.5
2457,26.0,25.5,25.5
2458,24.5,26.0,26.5
2459,24.0,25.0,25.0
2460,26.0,25.5,24.5
2461,26.5,25.5,24.5
2462,24.0,26.5,24.5
2463,24.0,26.5,26.0
2464,26.0,26.5,26.0
2465,24.5,24.0,24.5
2466,26.5,26.0,25.5
2467,26.5,24.0,24.5
2468,24.5,25.0,26.0
2469,26.0,26.0,25.0
2470,24.0,26.0,26.0
2471,24.5,24.0,26.5
2472,26.0,24.5,24.5
2473,26.5,24.0,25.5
2474,26.0,25.5,26.0
2475,25.5,25.5,26.5
2476,24.0,26.0,24.5
2477,24.5,25.0,25.5
2478,25.0,26.0,25.0
2479,26.0,24.0,26.5
2480,24.0,26.5,25.5
2481,24.0,24.0,25.5
2482,25.0,25.0,24.0
2483,24.0,25.0,25.0
2484,24.5,26.5,25.0
2485,25.5,26.5,26.0
2486,24.0,24.5,25.5
2487,26.5,25.0,24.0
2488,26.5,26.0,25.5
2489,25.0,24.0,24.5
2490,25.0,26.5,25.5
2491,24.5,25.0,24.0
2492,26.0,25.5,24.5
2493,25.5,26.0,25.5
2494,24.5,25.5,25.0
2495,24.5,26.0,25.5
2496,26.0,26.0,26.0
2497,24.5,25.0,26.5
2498,25.0,24.0,24.5
2499,25.5,25.5,25.0
2500,26.5,24.0,25.0
2501,24.0,24.5,26.5
2502,26.5,24.5,26.0
2503,25.0,25.0,25.0
2504,25.5,26.0,24.0
2505,26.5,26.0,25.0
2506,26.5,26.5,25.5
2507,24.0,26.5,26.5
2508,26.5,26.0,25.5
2509,25.5,25.0,24.5
2510,25.5,26.0,24.5
2511,25.5,26.5,25.0
2512,24.5,26.5,24.5
2513,25.0,25.0,26.5
2514,24.5,25.0,25.0
2515,24.0,25.5,24.0
2516,24.0,25.0,24.0
2517,24.5,26.5,25.0
2518,25.5,26.5,26.5
2519,25.0,26.0,25.0
2520,25.0,24.0,25.0
2521,24.5,24.5,25.5
2522,24.0,26.5,25.5
2523,24.0,24.0,26.5
2524,25.0,24.5,24.5
2525,25.5,25.0,26.5
2526,25.5,26.5,25.0
2527,25.5,25.5,26.0
2528,25.5,26.5,24.5
2529,26.5,26.5,25.5
2530,26.0,25.5,24.0
2531,26.0,26.0,25.5
2532,26.0,25.0,24.5
2533,24.0,25.0,26.0
2534,26.5,26.0,25.5
2535,25.0,26.5,24.5
2536,25.0,24.0,25.0
2537,26.0,25.0,25.0
2538,24.5,26.0,26.0
2539,25.0,25.5,24.5
2540,25.0,24.5,24.5
2541,26.5,24.5,26.0
2542,24.5,26.0,24.0
2543,26.0,24.5,24.5
2544,26.5,26.0,24.0
2545,25.0,25.5,25.5
2546,26.0,24.5,26.0
2547,25.5,26.0,25.5
2548,25.5,24.5,24.0
2549,26.5,24.5,24.5
2550,25.5,25.0,26.0
2551,26.0,25.5,26.5
2552,24.0,25.0,25.5
2553,26.0,26.0,24.0
2554,24.5,24.5,25.0
2555,26.0,26.5,24.0
2556,25.0,25.5,26.0
2557,25.5,25.0,24.5
2558,26.5,24.5,24.5
2559,26.5,24.0,25.0
2560,26.5,25.0,26.5
2561,26.0,26.5,25.0
2562,26.0,24.5,24.5
2563,24.5,26.5,25.0
2564,25.0,24.0,25.5
2565,24.5,26.5,26.0
2566,26.5,26.5,25.5
2567,25.5,25.5,25.0
2568,26.5,26.5,25.0
2569,25.5,26.0,24.5
2570,26.5,25.0,26.5
2571,25.5,26.0,26.0
2572,26.5,26.0,24.5
2573,24.5,26.5,24.0
2574,26.5,25.0,25.0
2575,24.0,25.0,26.5
2576,25.0,24.0,26.0
2577,24.5,26.0,26.5
2578,26.0,26.5,25.5
2579,25.5,26.5,25.0
2580,24.5,25.0,25.5
2581,26.0,25.5,26.0
2582,26.0,26.5,24.5
2583,24.0,26.5,25.0
2584,25.0,26.0,26.0
2585,25.5,25.5,24.5
2586,24.0,26.0,26.0
2587,24.5,26.5,25.5
2588,25.5,25.5,24.5
2589,26.0,24.5,24.5
2590,26.5,25.0,26.0
2591,26.5,24.0,26.5
2592,25.5,25.5,26.5
2593,25.0,25.0,26.5
2594,26.0,25.0,24.5
2595,26.5,25.5,24.5
2596,26.5,26.0,25.5
2597,25.5,25.0,25.0
2598,25.5,25.0,25.5
2599,26.5,25.0,25.0
2600,25.0,26.5,25.0
2601,24.0,26.5,25.0
2602,26.0,25.0,26.0
2603,26.5,26.0,26.0
2604,25.5,25.5,25.5
2605,26.0,24.0,24.0
2606,24.5,25.0,25.0
2607,24.5,25.0,26.0
2608,26.5,26.0,24.5
2609,25.0,26.0,26.5
2610,25.0,25.0,24.0
2611,25.0,24.5,24.5
2612,24.5,25.0,24.0
2613,24.0,25.5,25.5
2614,24.0,26.5,26.5
2615,25.0,26.5,25.0
2616,25.0,25.0,25.5
2617,25.5,26.0,26.0
2618,25.5,24.5,26.0
2619,24.0,26.5,24.0
2620,25.5,24.0,26.5
2621,25.5,24.5,25.0
2622,25.5,25.5,24.5
2623,25.0,25.0,26.0
2624,24.0,25.0,25.5
2625,26.0,24.5,26.5
2626,26.0,26.5,26.5
2627,25.5,25.5,26.5
2628,24.5,26.0,26.0
2629,26.0,24.5,25.0
2630,25.0,25.0,26.0
2631,25.0,26.0,25.5
2632,26.5,24.5,25.5
2633,25.5,25.0,24.5
2634,26.0,25.5,26.5
2635,26.0,24.5,24.0
2636,26.0,24.0,26.5
2637,25.0,26.0,24.0
2638,25.5,25.5,24.0
2639,25.0,26.0,24.5
2640,26.5,25.5,26.0
2641,26.0,26.5,25.5
2642,25.0,25.0,25.5
2643,25.0,25.0,24.5
2644,26.0,26.5,24.5
2645,26.5,24.5,25.0
2646,25.0,24.5,25.0
2647,26.5,26.5,26.0
2648,26.0,26.0,24.5
2649,25.5,25.5,26.0
2650,24.0,26.5,26.5
2651,24.0,26.0,26.5
2652,26.0,26.0,26.0
2653,26.5,25.0,26.0
2654,24.5,24.0,26.5
2655,26.5,24.5,26.0
2656,25.5,24.5,26.5
2657,26.0,26.0,24.0
2658,25.5,26.0,25.0
2659,26.5,26.5,26.5
2660,26.0,24.0,25.0
2661,26.0,26.0,25.5
2662,25.0,26.0,25.0
2663,25.5,25.0,26.5
2664,24.0,26.0,26.5
2665,26.0,25.0,26.5
2666,26.5,25.5,25.5
2667,24.5,24.5,24.5
2668,26.5,25.5,24.0
2669,24.0,25.5,25.0
2670,25.5,25.0,26.5
2671,25.5,24.5,26.5
2672,26.5,25.5,25.0
2673,25.5,24.5,26.0
2674,24.5,25.0,24.5
2675,26.5,26.5,25.0
2676,26.0,24.0,25.5
2677,25.0,25.5,26.0
2678,25.0,26.5,24.0
2679,26.0,24.5,26.0
2680,26.0,25.5,25.0
2681,25.5,24.5,26.0
2682,26.5,24.0,25.5
2683,26.0,26.5,24.5
2684,25.0,26.5,26.0
2685,25.5,24.0,26.5
2686,25.5,24.0,25.0
2687,26.5,24.5,24.0
2688,25.0,24.0,24.5
2689,26.5,25.5,25.0
2690,25.0,25.5,26.5
2691,25.0,25.5,25.5
2692,24.0,25.0,26.0
2693,26.5,26.5,24.0
2694,25.5,24.0,24.0
2695,24.5,25.0,24.5
2696,26.5,26.0,24.0
2697,26.5,25.5,24.5
2698,25.0,26.5,25.5
2699,26.5,24.0,25.5
2700,26.0,24.0,26.5
2701,25.5,26.5,24.0
2702,25.5,24.0,24.0
2703,26.5,25.0,26.0
2704,25.5,26.0,24.0
2705,26.0,24.0,25.0
2706,25.0,26.0,26.0
2707,24.0,25.0,26.5
2708,24.0,25.5,26.5
2709,26.0,25.5,26.0
2710,26.5,26.5,24.0
2711,25.5,25.5,25.5
2712,26.5,24.5,26.0
2713,25.0,25.0,25.0
2714,24.0,26.0,25.5
2715,24.0,26.0,25.0
2716,25.5,24.5,24.5
2717,26.5,25.5,24.5
2718,26.0,26.0,26.5
2719,26.0,25.0,26.5
2720,25.0,26.5,24.0
2721,24.5,25.5,26.0
2722,25.0,25.0,25.5
2723,25.5,25.5,24.5
2724,25.5,26.0,25.0
2725,24.0,26.5,25.0
2726,26.5,25.0,26.5
2727,25.5,25.5,25.0
2728,24.0,25.0,25.0
2729,24.5,25.5,24.5
2730,25.0,24.5,26.5
2731,26.0,26.5,25.5
2732,24.5,25.0,24.0
2733,24.0,26.0,26.5
2734,26.0,25.5,26.5
2735,26.5,26.0,25.5
2736,25.5,26.0,25.5
2737,26.0,25.5,26.0
2738,24.5,24.0,26.5
2739,24.0,26.0,25.0
2740,26.5,26.0,26.0
2741,25.5,25.5,25.5
2742,26.0,25.0,25.0
2743,26.5,26.5,24.5
2744,26.0,26.0,24.0
2745,26.0,24.5,26.5
2746,25.5,24.5,26.0
2747,24.5,24.0,26.5
2748,26.5,24.5,24.5
2749,24.5,24.0,24.0
2750,25.0,26.5,25.5
2751,25.5,26.0,26.0
2752,24.0,24.5,26.5
2753,26.0,25.0,26.0
2754,26.5,25.0,26.5
2755,26.5,24.5,26.0
2756,26.5,26.0,26.5
2757,25.5,25.5,26.0
2758,26.0,25.5,24.5
2759,26.5,24.0,25.5
2760,24.5,25.5,25.0
2761,25.0,25.5,26.5
2762,25.0,24.0,25.5
2763,24.5,24.0,24.0
2764,26.5,26.0,25.5
2765,26.5,24.0,26.5
2766,26.0,24.0,25.5
2767,26.5,26.5,25.0
2768,26.5,26.5,25.0
2769,26.0,26.0,26.0
2770,26.0,24.5,26.0
2771,26.5,25.0,25.0
2772,26.0,26.5,25.5
2773,25.0,26.0,26.5
2774,25.5,25.5,24.5
2775,24.0,25.0,25.5
2776,26.0,26.0,25.0
2777,25.5,24.0,24.0
2778,25.0,26.0,26.5
2779,25.5,25.0,24.0
2780,26.0,26.5,26.0
2781,26.0,26.0,24.5
2782,24.5,26.0,25.0
2783,24.5,26.5,24.5
2784,25.0,26.5,24.5
2785,26.0,25.5,24.0
2786,24.5,24.0,24.0
2787,25.0,26.0,26.5
2788,24.0,24.0,24.0
2789,26.0,26.5,25.0
2790,24.0,25.0,25.0
2791,25.5,24.0,26.0
2792,26.5,26.5,26.5
2793,24.0,25.0,25.0
2794,25.5,26.5,24.0
2795,26.5,26.5,24.5
2796,25.0,26.0,26.0
2797,26.5,25.0,25.0
2798,25.0,26.0,26.5
2799,26.0,24.5,25.0
2800,25.0,26.0,26.0
2801,26.5,26.0,24.5
2802,25.5,26.5,26.0
2803,24.5,24.0,25.5
2804,26.0,26.0,25.5
2805,26.5,24.5,24.5
2806,26.5,24.0,25.5
2807,26.0,25.5,24.5
2808,25.0,26.5,24.0
2809,24.5,24.5,26.0
2810,24.0,25.0,24.5
2811,24.0,24.0,24.0
2812,26.5,24.0,24.5
2813,26.5,25.5,26.0
2814,26.0,25.0,25.5
2815,26.5,25.5,26.5
2816,25.0,26.5,26.5
2817,26.0,25.0,26.0
2818,26.0,24.5,26.0
2819,26.5,24.5,25.0
2820,24.5,26.5,26.0
2821,26.0,26.0,26.0
2822,26.0,24.5,26.5
2823,25.0,26.0,26.0
2824,25.0,26.5,26.0
2825,26.5,24.0,25.5
2826,24.5,26.5,25.0
2827,25.0,25.0,26.5
2828,25.5,26.0,26.5
2829,26.5,26.5,26.5
2830,25.5,25.0,24.5
2831,26.5,26.5,26.5
2832,24.5,25.0,26.0
2833,24.5,24.5,26.5
2834,26.5,25.0,25.5
2835,25.0,25.0,24.0
2836,26.0,24.0,25.0
2837,25.0,26.5,26.5
2838,25.5,26.5,26.5
2839,26.0,26.0,24.5
2840,25.0,24.0,24.0
2841,25.0,26.5,24.5
2842,25.5,24.5,26.5
2843,25.0,25.5,24.5
2844,24.5,26.5,24.5
2845,26.0,25.5,25.0
2846,26.5,26.0,24.0
2847,25.5,25.5,24.5
2848,26.5,26.0,25.0
2849,26.0,24.0,24.5
2850,26.5,26.0,26.0
2851,26.5,24.0,25.0
2852,25.5,24.0,25.0
2853,24.0,24.0,26.0
2854,26.0,26.0,25.5
2855,24.5,25.0,25.0
2856,24.0,25.5,25.5
2857,25.0,25.5,25.5
2858,26.5,26.0,25.0
2859,26.5,24.5,24.5
2860,24.0,25.5,24.0
2861,26.5,25.0,26.5
2862,26.5,25.5,25.0
2863,24.5,24.0,24.5
2864,25.0,26.0,25.5
2865,24.5,25.0,25.5
2866,25.5,25.5,25.0
2867,24.0,26.0,25.0
2868,24.5,24.5,25.5
2869,25.0,26.5,24.5
2870,25.0,24.5,25.5
2871,25.0,26.0,26.5
2872,24.0,26.5,26.5
2873,26.5,26.0,26.5
2874,26.0,26.0,25.5
2875,26.0,26.0,24.5
2876,26.5,25.5,25.5
2877,26.0,26.0,24.5
2878,25.5,26.5,25.5
2879,24.5,26.5,24.5
2880,26.5,26.0,25.0
2881,25.5,25.0,25.0
2882,26.0,26.5,24.0
2883,25.0,24.0,26.5
2884,25.0,25.0,25.0
2885,25.5,25.5,25.5
2886,25.5,26.5,25.0
2887,26.0,26.5,26.0
2888,26.5,26.0,25.5
2889,25.0,26.0,24.5
2890,25.5,25.0,25.5
2891,25.0,24.5,25.5
2892,24.5,26.0,25.5
2893,26.5,24.0,25.5
2894,26.5,24.5,24.5
2895,26.5,26.5,24.0
2896,25.0,26.0,25.0
2897,26.0,24.5,24.0
2898,25.5,25.5,24.5
2899,26.0,26.5,26.0
2900,24.5,24.5,24.5
2901,24.0,26.0,25.0
2902,24.0,25.5,26.5
2903,26.5,26.5,24.5
2904,26.0,25.5,25.0
2905,24.5,24.5,26.0
2906,24.0,24.0,25.5
2907,26.0,26.0,25.5
2908,26.0,26.5,24.5
2909,26.0,25.0,25.0
2910,24.5,24.0,24.5
2911,26.5,25.5,26.0
2912,25.5,25.5,25.0
2913,25.0,26.5,25.5
2914,25.0,25.5,26.5
2915,24.5,26.0,24.0
2916,26.5,24.0,24.5
2917,26.0,24.0,26.5
2918,25.0,25.0,26.0
2919,24.0,25.5,26.5
2920,26.5,24.0,26.5
2921,25.5,26.0,24.5
2922,24.0,25.0,26.0
2923,24.5,25.0,24.0
2924,26.0,25.0,25.5
2925,26.0,26.0,26.0
2926,25.0,26.0,26.5
2927,25.5,26.0,24.5
2928,24.0,26.5,24.0
2929,25.5,25.0,26.0
2930,24.5,24.5,25.0
2931,24.5,24.0,26.0
2932,24.5,24.5,25.0
2933,26.0,26.0,25.5
2934,25.5,24.5,25.5
2935,26.5,26.0,26.0
2936,24.0,25.0,24.5
2937,26.5,26.0,25.5
2938,26.5,24.5,24.5
2939,26.0,26.0,25.0
2940,25.0,26.0,24.0
2941,26.0,24.0,25.5
2942,25.5,26.5,24.0
2943,25.5,26.0,26.0
2944,26.0,26.5,24.0
2945,24.0,24.5,26.0
2946,25.5,24.5,25.0
2947,26.0,25.5,24.5
2948,26.5,26.0,24.0
2949,25.5,25.5,26.5
2950,24.0,26.5,26.0
2951,24.0,25.5,25.0
2952,26.0,25.0,25.0
2953,25.5,26.5,24.5
2954,25.0,24.5,24.5
2955,26.5,26.0,25.5
2956,24.0,25.0,25.5
2957,26.0,26.0,26.0
2958,26.5,26.5,24.5
2959,26.0,24.5,24.5
2960,24.5,24.0,24.5
2961,25.5,25.5,25.0
2962,25.0,24.0,25.5
2963,24.0,24.0,24.5
2964,24.0,25.0,26.5
2965,24.0,25.0,26.0
2966,25.0,24.5,26.5
2967,24.5,26.0,26.5
2968,26.5,24.5,24.0
2969,26.5,26.0,24.0
2970,25.0,24.0,25.5
2971,26.0,26.5,26.0
2972,25.5,25.0,25.5
2973,26.5,24.5,24.0
2974,25.0,26.0,24.0
2975,26.5,25.0,24.5
2976,26.5,26.5,24.0
2977,25.5,25.0,26.0
2978,25.5,26.0,25.0
2979,26.0,24.5,24.0
2980,25.5,26.5,25.5
2981,25.5,25.5,26.0
2982,26.0,24.0,26.0
2983,24.5,26.0,24.0
2984,25.5,26.5,24.0
2985,25.0,24.5,26.0
2986,24.5,26.5,24.0
2987,26.5,26.0,24.5
2988,25.5,25.0,26.5
2989,24.0,26.5,26.0
2990,26.0,26.0,24.0
2991,26.5,25.5,24.0
2992,25.0,26.5,26.0
2993,24.5,26.5,26.5
2994,26.0,24.5,26.5
2995,26.5,26.5,24.5
2996,24.0,26.5,26.5
2997,25.0,26.0,26.0
2998,25.0,25.5,26.5
2999,24.0,25.5,24.5
3000,26.5,26.5,24.0
3001,25.5,25.0,24.5
3002,24.5,25.0,26.5
3003,24.0,26.5,26.5
3004,26.0,26.0,25.0
3005,26.0,24.5,24.5
3006,26.5,25.0,24.0
3007,25.0,26.0,24.5
3008,26.0,25.5,26.0
3009,25.0,25.0,26.5
3010,25.5,26.0,24.5
3011,24.0,26.5,25.0
3012,25.5,25.0,25.0
3013,24.5,24.5,24.0
3014,25.0,25.0,25.5
3015,25.5,24.0,25.5
3016,26.5,24.0,24.0
3017,25.5,26.5,26.5
3018,25.0,25.0,26.5
3019,24.5,25.5,26.5
3020,26.5,24.0,24.5
3021,26.0,26.0,26.5
3022,26.5,25.0,25.5
3023,25.5,26.5,26.5
3024,26.0,24.5,24.5
3025,25.5,24.5,24.0
3026,26.0,25.5,25.0
3027,24.5,26.0,24.5
3028,26.5,26.0,26.0
3029,25.5,25.0,25.0
3030,26.0,24.0,26.0
3031,26.5,24.5,25.5
3032,26.0,26.5,26.0
3033,26.0,26.5,24.0
3034,25.5,25.5,24.5
3035,26.5,25.0,26.5
3036,25.0,26.0,26.0
3037,26.0,25.5,25.5
3038,26.0,25.0,25.0
3039,25.0,25.0,25.0
3040,26.5,26.5,26.0
3041,25.0,26.0,26.5
3042,26.0,24.0,26.0
3043,26.0,25.0,24.0
3044,26.0,24.5,26.5
3045,25.0,26.0,26.5
3046,25.0,26.0,25.5
3047,25.0,25.0,25.0
3048,26.5,24.5,25.0
3049,25.5,24.5,24.5
3050,25.5,26.0,24.5
3051,26.0,24.0,25.5
3052,25.0,25.5,24.5
3053,24.0,25.5,25.0
3054,26.5,25.5,24.0
3055,25.5,25.0,26.0
3056,25.5,25.5,25.0
3057,25.0,25.0,26.0
3058,25.0,26.5,26.5
3059,26.5,26.0,24.0
3060,26.5,26.5,26.0
3061,24.0,24.5,25.0
3062,25.0,26.5,26.5
3063,24.0,26.5,26.0
3064,24.5,25.0,25.5
3065,26.5,24.5,25.5
3066,26.5,25.5,26.0
3067,26.0,25.5,25.5
3068,26.5,24.5,25.5
3069,25.5,26.0,26.5
3070,24.0,26.5,25.5
3071,26.0,25.5,26.5
3072,25.5,25.0,24.5
3073,26.5,26.0,25.5
3074,26.0,26.5,26.0
3075,24.0,25.0,24.5
3076,25.0,26.0,26.5
3077,26.5,26.0,24.5
3078,26.0,24.0,25.5
3079,26.5,24.5,24.5
3080,25.5,25.0,26.5
3081,26.0,26.5,26.5
3082,24.0,25.5,26.0
3083,24.0,24.0,26.5
3084,25.5,24.0,25.0
3085,25.5,24.5,24.5
3086,25.5,25.5,26.0
3087,24.5,24.5,24.5
3088,26.5,26.0,25.0
3089,25.0,25.5,25.5
3090,26.0,25.5,26.0
3091,25.0,24.5,26.0
3092,25.0,24.0,26.5
3093,26.5,25.5,26.0
3094,24.5,24.5,24.0
3095,24.5,26.5,26.5
3096,26.0,24.5,26.5
3097,26.0,24.5,26.5
3098,26.5,26.0,24.0
3099,24.5,25.0,24.5
3100,24.5,25.0,24.5
3101,26.5,25.5,25.5
3102,24.5,25.5,26.5
3103,26.5,26.0,24.0
3104,26.5,26.5,25.0
3105,26.5,24.5,24.0
3106,25.0,26.0,24.0
3107,25.5,24.5,26.0
3108,25.0,24.0,24.5
3109,24.5,25.5,26.0
3110,25.5,26.0,25.0
3111,24.5,25.5,26.0
3112,25.0,24.0,25.5
3113,26.0,25.5,25.0
3114,25.0,26.5,24.5
3115,25.0,25.5,26.5
3116,24.5,26.5,24.0
3117,25.5,25.5,25.5
3118,26.5,24.0,24.0
3119,25.5,26.0,25.0
3120,26.5,25.5,25.0
3121,25.5,24.5,24.0
3122,26.0,26.5,25.0
3123,25.5,25.5,24.5
3124,25.0,26.0,26.5
3125,25.0,24.0,25.5
3126,26.0,26.5,26.0
3127,25.5,25.5,24.0
3128,24.5,25.0,26.0
3129,24.0,25.5,24.5
3130,26.5,25.5,26.5
3131,24.0,26.5,26.0
3132,25.5,26.0,26.0
3133,24.0,25.5,26.5
3134,25.5,26.5,24.0
3135,25.0,24.0,25.5
3136,25.5,25.5,25.5
3137,26.0,26.5,24.5
3138,26.5,25.5,25.5
3139,26.5,24.5,26.0
3140,24.5,26.0,25.0
3141,24.5,26.0,24.5
3142,26.5,25.0,25.5
3143,26.0,25.5,26.5
3144,24.5,25.0,25.5
3145,24.5,26.5,24.5
3146,25.0,24.0,26.0
3147,24.5,25.5,26.5
3148,24.0,25.5,25.0
3149,24.0,26.5,25.0
3150,25.0,25.5,26.0
3151,25.5,26.5,24.0
3152,25.0,26.0,26.5
3153,25.5,26.0,25.5
3154,25.5,26.0,25.5
3155,25.5,26.5,24.5
3156,24.0,26.0,24.0
3157,26.0,26.0,25.5
3158,26.0,25.0,25.0
3159,25.0,24.0,26.0
3160,25.5,25.0,26.5
3161,25.0,26.0,26.0
3162,24.0,24.0,24.5
3163,26.0,25.0,25.5
3164,25.5,25.0,24.0
3165,25.5,24.5,26.5
3166,24.0,25.0,25.5
3167,25.0,25.5,26.0
3168,26.5,25.0,25.0
3169,25.5,26.5,25.0
3170,25.0,26.0,24.5
3171,26.0,26.5,24.5
3172,25.0,26.0,26.0
3173,26.5,24.5,26.0
3174,25.0,25.0,26.5
3175,26.0,25.0,25.0
3176,26.5,25.5,26.5
3177,24.5,25.5,26.0
3178,25.0,26.5,25.0
3179,25.0,25.5,24.5
3180,24.5,24.0,26.0
3181,24.5,26.0,24.5
3182,26.5,25.0,26.5
3183,26.5,26.5,24.5
3184,24.0,24.5,25.5
3185,26.5,26.0,25.5
3186,25.5,25.5,26.0
3187,26.0,24.5,24.0
3188,26.5,26.5,25.0
3189,24.0,26.0,24.5
3190,25.5,25.0,26.0
3191,24.5,26.0,25.5
3192,25.0,26.5,26.5
3193,26.5,24.0,25.5
3194,24.5,25.0,25.0
3195,25.0,24.0,25.5
3196,26.0,25.0,26.5
3197,25.5,26.0,25.5
3198,26.0,24.0,25.5
3199,24.0,25.0,25.5
3200,24.0,25.0,25.5
3201,25.0,24.5,24.0
3202,26.5,25.0,26.5
3203,26.5,26.5,26.5
3204,26.5,26.5,25.5
3205,25.0,24.5,26.5
3206,24.0,26.5,24.0
3207,25.5,25.0,24.0
3208,25.5,25.0,26.5
3209,25.0,24.0,24.5
3210,25.0,25.0,24.0
3211,25.5,26.5,26.0
3212,26.0,26.5,25.0
3213,26.0,26.5,26.5
3214,25.5,24.0,25.5
3215,26.0,26.5,24.5
3216,26.5,25.5,25.0
3217,25.5,25.0,25.0
3218,25.0,25.0,26.0
3219,25.0,26.0,26.5
3220,24.5,24.0,26.5
3221,24.0,26.0,26.0
3222,25.0,25.5,24.0
3223,26.0,25.0,25.0
3224,25.0,25.5,26.0
3225,25.0,25.0,26.0
3226,26.5,25.5,26.5
3227,25.0,25.5,25.5
3228,25.0,25.0,24.5
3229,26.0,26.5,25.0
3230,26.0,26.0,26.5
3231,26.0,26.0,26.5
3232,25.0,25.5,24.0
3233,26.0,25.5,24.5
3234,25.5,24.5,25.5
3235,25.0,26.5,25.0
3236,26.5,25.0,24.0
3237,26.5,25.5,24.5
3238,26.0,26.5,25.5
3239,26.0,25.5,24.0
3240,25.0,24.0,24.0
3241,25.5,25.0,26.5
3242,24.5,25.5,25.5
3243,26.0,26.0,25.0
3244,25.5,25.0,26.0
3245,26.0,26.5,24.5
3246,25.5,25.0,26.0
3247,24.0,25.5,25.5
3248,24.5,26.5,24.0
3249,24.0,26.0,25.0
3250,25.0,26.5,24.5
3251,24.5,24.0,25.5
3252,25.0,24.0,26.5
3253,26.0,25.5,26.0
3254,24.5,26.0,24.0
3255,24.0,26.5,24.0
3256,24.5,25.5,25.5
3257,26.5,24.5,26.0
3258,26.0,26.0,26.5
3259,26.0,24.5,25.5
3260,26.0,26.5,26.5
3261,24.5,26.5,26.5
3262,25.0,26.0,25.0
3263,26.0,25.5,24.5
3264,25.5,24.5,25.5
3265,24.0,25.0,25.0
3266,25.0,26.0,25.0
3267,24.5,25.5,24.0
3268,24.5,25.5,24.0
3269,24.0,24.0,26.0
3270,24.5,24.5,24.0
3271,24.5,25.0,26.5
3272,24.5,25.5,25.5
3273,25.5,26.5,25.0
3274,25.5,24.5,24.0
3275,25.0,26.5,25.0
3276,26.5,26.5,24.0
3277,26.5,25.0,26.0
3278,26.5,26.0,25.5
3279,24.0,25.0,24.5
3280,25.0,26.0,24.5
3281,25.0,25.5,26.5
3282,24.0,24.0,26.0
3283,25.5,26.5,25.5
3284,26.0,26.5,26.5
3285,25.0,26.5,24.0
3286,24.0,26.0,25.5
3287,26.0,25.0,24.0
3288,24.5,25.5,26.0
3289,25.5,25.5,24.5
3290,25.5,24.5,24.5
3291,25.0,26.5,24.5
3292,25.5,26.5,25.0
3293,25.5,26.5,25.0
3294,24.5,25.5,25.5
3295,24.5,25.5,25.0
3296,24.0,25.0,24.5
3297,25.0,25.0,26.5
3298,26.0,26.0,25.5
3299,25.5,25.0,26.5
3300,24.0,26.5,24.5
3301,26.0,24.5,24.0
3302,26.5,24.0,26.0
3303,25.0,25.0,24.0
3304,25.0,24.5,26.5
3305,26.0,25.5,24.5
3306,25.5,25.5,25.0
3307,24.0,26.5,25.5
3308,25.0,26.5,24.0
3309,25.5,26.0,25.5
3310,25.0,25.0,26.5
3311,26.0,24.0,25.5
3312,25.0,25.0,26.0
3313,26.0,24.0,25.5
3314,25.5,25.5,25.0
3315,25.0,25.5,25.5
3316,24.0,25.0,26.5
3317,25.5,24.0,24.5
3318,26.0,25.0,25.0
3319,24.5,24.0,26.5
3320,24.5,26.5,24.0
3321,26.0,26.0,25.5
3322,24.5,26.0,25.0
3323,25.5,26.5,25.5
3324,25.0,26.5,26.0
3325,24.0,24.5,24.5
3326,26.5,26.0,24.0
3327,25.0,25.5,25.5
3328,24.5,26.0,25.5
3329,25.5,25.5,24.0
3330,26.5,26.0,24.0
3331,26.5,25.5,25.5
3332,26.5,26.0,25.5
3333,25.0,26.5,26.5
3334,25.5,25.5,26.5
3335,26.0,25.5,26.5
3336,24.5,25.5,26.0
3337,24.5,25.5,26.0
3338,26.5,25.5,25.0
3339,25.0,26.5,26.0
3340,25.5,24.0,26.0
3341,25.0,25.5,26.0
3342,25.5,25.5,24.5
3343,25.5,24.0,25.0
3344,25.5,24.5,25.5
3345,26.0,24.0,26.0
3346,26.0,25.0,26.0
3347,24.5,26.0,25.5
3348,25.5,25.0,26.5
3349,26.0,25.5,25.0
3350,24.0,26.0,24.0
3351,24.0,25.0,26.0
3352,25.5,26.5,26.5
3353,26.5,26.0,24.5
3354,26.5,26.0,25.5
3355,26.0,25.5,26.0
3356,24.5,25.5,25.5
3357,26.0,26.0,24.5
3358,25.0,25.0,24.0
3359,25.0,24.5,26.5
3360,24.0,24.0,24.5
3361,25.5,25.5,25.0
3362,26.5,25.0,26.0
3363,26.5,25.5,26.5
3364,26.5,24.0,24.0
3365,25.0,25.0,25.5
3366,25.0,24.5,26.0
3367,26.5,25.0,26.0
3368,26.5,25.0,24.0
3369,26.0,25.5,26.0
3370,25.0,26.0,26.0
3371,24.0,24.0,25.0
3372,25.0,25.0,24.5
3373,24.0,26.0,25.0
3374,24.5,25.0,26.5
3375,25.5,25.0,25.0
3376,25.5,25.0,26.0
3377,25.5,24.5,24.0
3378,25.5,25.5,25.5
3379,26.0,26.5,25.0
3380,24.5,26.5,24.0
3381,25.0,24.0,25.5
3382,25.5,25.5,24.5
3383,24.5,25.5,26.5
3384,24.0,25.0,25.0
3385,24.0,24.0,25.0
3386,25.0,26.0,26.0
3387,24.0,25.0,24.5
3388,24.5,26.5,25.5
3389,25.0,24.0,26.0
3390,25.5,24.0,24.5
3391,26.5,26.0,26.0
3392,26.5,24.0,25.5
3393,26.5,26.5,24.5
3394,25.5,24.5,24.5
3395,26.0,24.0,25.5
3396,24.5,26.0,25.0
3397,25.5,24.0,26.5
3398,26.5,26.0,26.5
3399,25.0,26.0,26.5
3400,24.0,25.5,26.0
3401,26.0,25.0,25.0
3402,26.0,25.5,24.0
3403,25.0,26.0,25.0
3404,26.5,25.5,24.5
3405,26.0,25.0,26.0
3406,25.0,25.0,24.5
3407,25.5,26.0,24.5
3408,26.0,24.5,26.5
3409,25.5,24.5,24.5
3410,26.0,26.5,26.0
3411,24.5,26.0,26.0
3412,24.0,24.5,25.0
3413,25.5,25.0,25.0
3414,25.0,25.0,25.0
3415,24.5,24.0,26.5
3416,25.5,24.5,26.0
3417,25.5,26.0,26.0
3418,25.0,26.5,26.0
3419,26.5,25.5,25.5
3420,26.5,24.5,26.0
3421,24.0,26.5,26.0
3422,26.0,26.0,24.5
3423,25.5,24.0,25.5
3424,26.0,26.5,24.0
3425,24.5,25.5,25.0
3426,26.5,25.0,25.5
3427,26.5,25.5,26.0
3428,26.0,24.5,24.0
3429,25.5,26.5,24.5
3430,25.0,26.5,25.5
3431,24.0,25.0,24.5
3432,25.5,24.5,26.5
3433,26.0,24.5,26.5
3434,25.5,26.5,26.5
3435,26.0,26.0,25.5
3436,26.5,25.5,25.5
3437,25.5,24.5,26.0
3438,26.5,26.5,24.5
3439,25.0,25.5,26.5
3440,25.5,26.0,24.0
3441,25.5,25.5,25.5
3442,25.0,26.5,26.0
3443,25.0,25.5,24.5
3444,26.0,25.5,24.0
3445,25.5,25.5,25.5
3446,26.0,24.5,25.5
3447,26.5,26.0,26.0
3448,26.0,25.5,26.0
3449,26.0,26.0,26.5
3450,25.5,26.5,26.5
3451,26.5,25.0,26.5
3452,26.0,24.0,25.5
3453,24.0,24.5,26.5
3454,24.0,26.5,24.0
3455,24.0,25.0,26.0
3456,25.0,26.5,26.5
3457,26.5,26.0,26.0
3458,25.5,24.0,24.0
3459,25.0,26.0,25.0
3460,25.0,24.0,24.5
3461,26.5,25.0,25.0
3462,26.5,24.0,25.0
3463,26.0,24.0,25.5
3464,24.5,24.5,24.0
3465,26.0,26.5,25.5
3466,25.0,26.0,25.5
3467,26.0,26.0,25.5
3468,26.5,26.0,26.0
3469,25.5,24.5,26.0
3470,24.5,24.5,25.0
3471,24.5,24.5,25.5
3472,25.0,25.0,26.5
3473,25.5,25.0,24.0
3474,24.0,26.0,25.0
3475,26.0,24.0,25.0
3476,24.5,25.5,25.0
3477,24.5,25.5,26.0
3478,25.0,25.5,25.5
3479,25.0,25.5,26.5
3480,24.5,26.0,26.5
3481,25.0,24.0,25.0
3482,24.5,25.0,24.5
3483,26.0,25.5,25.0
3484,25.5,24.0,26.0
3485,26.0,26.5,24.0
3486,26.0,24.5,25.5
3487,26.0,24.5,24.0
3488,24.0,25.5,24.0
3489,25.5,26.0,25.5
3490,26.0,26.0,26.5
3491,24.5,25.0,24.0
3492,24.0,25.5,24.5
3493,24.0,24.5,24.0
3494,26.0,26.0,25.5
3495,25.5,26.0,25.0
3496,26.5,26.5,24.0
3497,24.5,24.5,25.0
3498,25.0,24.5,25.0
3499,25.0,25.5,24.0
3500,25.0,25.5,25.5
3501,26.0,26.0,26.5
3502,25.0,26.0,25.5
3503,25.5,24.0,24.5
3504,25.0,24.0,24.0
3505,26.5,25.5,26.0
3506,25.0,26.0,24.0
3507,25.5,24.5,26.5
3508,25.5,26.5,26.0
3509,26.5,25.0,26.0
3510,24.0,26.5,24.0
3511,24.0,25.5,24.0
3512,26.0,25.0,25.0
3513,24.5,24.0,25.0
3514,25.0,24.5,26.5
3515,26.5,24.0,24.0
3516,24.0,25.0,24.0
3517,26.5,24.0,26.5
3518,26.0,26.0,24.5
3519,25.0,24.0,26.0
3520,25.0,26.5,26.5
3521,26.5,25.0,25.5
3522,25.5,26.5,26.5
3523,26.0,26.0,26.5
3524,24.5,25.0,25.0
3525,24.0,26.0,25.5
3526,26.0,25.5,25.5
3527,25.0,26.5,26.5
3528,26.0,25.5,24.0
3529,26.0,26.0,25.0
3530,26.5,24.5,24.5
3531,26.5,26.5,25.5
3532,24.5,24.5,26.0
3533,24.0,25.0,25.0
3534,24.5,26.5,24.5
3535,24.0,26.0,26.0
3536,24.5,25.0,24.0
3537,24.0,25.0,24.5
3538,24.0,26.0,25.0
3539,24.5,26.0,24.0
3540,25.5,26.0,25.0
3541,25.0,25.0,24.0
3542,25.0,25.0,25.5
3543,24.5,24.0,24.0
3544,25.5,26.0,26.5
3545,24.5,26.0,24.5
3546,25.5,24.0,25.0
3547,26.0,26.5,24.5
3548,25.5,26.5,26.0
3549,24.0,24.0,24.5
3550,24.0,26.5,25.0
3551,25.0,24.0,25.5
3552,26.5,26.5,24.0
3553,26.0,25.0,24.5
3554,25.5,26.5,25.5
3555,26.5,24.0,26.5
3556,26.0,24.5,26.0
3557,26.0,26.5,25.0
3558,26.0,26.0,25.5
3559,26.5,25.5,25.5
3560,26.5,25.0,26.5
3561,25.0,25.5,25.0
3562,25.0,25.5,26.5
3563,26.0,24.5,25.0
3564,26.5,24.5,24.0
3565,25.5,24.0,25.5
3566,26.5,24.5,25.5
3567,25.5,24.0,25.5
3568,26.5,26.5,25.5
3569,25.0,26.0,25.0
3570,24.0,26.0,24.0
3571,26.0,26.5,25.0
3572,24.0,26.5,26.5
3573,24.0,26.5,24.5
3574,24.0,25.0,25.5
3575,25.0,25.5,25.0
3576,26.5,26.0,25.5
3577,24.5,25.0,25.5
3578,25.0,26.0,24.5
3579,25.0,26.5,25.0
3580,24.5,26.5,25.0
3581,26.5,26.0,25.0
3582,24.0,26.5,26.0
3583,24.0,25.0,25.0
3584,24.0,26.0,26.0
3585,24.5,24.5,24.5
3586,26.0,26.0,25.5
3587,26.5,24.5,26.0
3588,24.0,25.5,26.5
3589,26.5,24.5,24.5
3590,26.5,25.5,25.0
3591,24.5,25.0,26.0
3592,26.0,24.0,26.5
3593,24.5,26.0,25.0
3594,26.0,26.0,26.0
3595,25.5,26.0,24.5
3596,26.0,25.0,25.0
3597,25.5,26.0,25.5
3598,25.5,24.5,26.0
3599,26.0,25.0,26.0
3600,26.5,26.0,25.5
3601,26.0,25.5,26.5
3602,26.0,24.0,26.0
3603,24.0,26.5,26.0
3604,25.5,26.5,25.0
3605,24.0,26.5,26.0
3606,26.5,24.0,24.5
3607,26.0,24.5,25.0
3608,25.0,26.0,24.0
3609,25.0,26.0,25.5
3610,25.5,25.0,25.0
3611,25.0,24.5,25.5
3612,25.0,26.0,25.5
3613,26.5,25.0,25.5
3614,26.5,24.5,25.0
3615,24.0,25.0,26.5
3616,26.0,26.5,26.5
3617,25.5,25.0,25.0
3618,25.5,26.0,25.5
3619,25.0,25.0,24.0
3620,24.5,25.0,26.0
3621,25.5,25.0,26.5
3622,25.0,26.0,26.5
3623,25.5,26.5,25.5
3624,24.5,26.5,24.0
3625,26.0,26.0,26.0
3626,25.5,25.5,26.5
3627,25.0,24.5,26.5
3628,25.5,25.0,26.5
3629,26.5,24.5,25.5
3630,26.5,25.5,26.5
3631,25.0,25.0,25.5
3632,26.0,25.5,26.5
3633,25.0,26.5,24.5
3634,25.0,25.0,26.5
3635,24.0,24.0,25.0
3636,25.5,26.5,24.0
3637,24.0,25.5,26.5
3638,25.5,24.5,24.5
3639,26.5,26.5,25.5
3640,24.5,25.5,26.0
3641,26.0,26.5,25.0
3642,26.5,26.5,24.5
3643,25.0,24.0,24.0
3644,24.5,26.5,26.5
3645,24.0,25.0,26.0
3646,24.0,25.0,24.5
3647,25.0,26.5,25.0
3648,25.0,24.0,25.0
3649,24.0,25.0,25.5
3650,25.0,24.5,25.5
3651,25.5,25.5,25.0
3652,25.5,24.5,24.0
3653,25.5,26.5,26.5
3654,25.5,24.0,24.5
3655,25.0,24.5,25.5
3656,25.0,25.5,24.0
3657,25.5,26.5,24.0
3658,26.0,26.5,24.5
3659,24.0,24.5,24.5
3660,24.0,25.0,25.5
3661,25.5,26.0,24.5
3662,26.0,26.5,26.5
3663,24.5,26.5,24.5
3664,24.5,24.0,24.0
3665,26.5,25.0,26.5
3666,26.5,24.0,25.0
3667,26.5,25.5,25.5
3668,24.0,26.0,26.0
3669,26.0,24.0,25.5
3670,26.5,25.0,25.5
3671,26.0,26.5,25.0
3672,24.5,25.5,24.0
3673,26.0,24.5,25.0
